feature,coefficient,selected,split_id,target_column,alpha,l1_ratio,inner_cv_daily_cs_ic
z_return_5d,-0.0,False,1,target_5d_forward_return_raw,0.001,0.9,0.08654841093865485
z_return_5d_rel_spy,-0.0,False,1,target_5d_forward_return_raw,0.001,0.9,0.08654841093865485
z_return_5d_excess_rf,-0.0,False,1,target_5d_forward_return_raw,0.001,0.9,0.08654841093865485
z_return_20d,-0.0,False,1,target_5d_forward_return_raw,0.001,0.9,0.08654841093865485
z_return_20d_rel_spy,-0.0,False,1,target_5d_forward_return_raw,0.001,0.9,0.08654841093865485
z_return_20d_excess_rf,-0.0,False,1,target_5d_forward_return_raw,0.001,0.9,0.08654841093865485
z_return_60d_rel_spy,-0.0,False,1,target_5d_forward_return_raw,0.001,0.9,0.08654841093865485
z_price_to_MA20,-0.0,False,1,target_5d_forward_return_raw,0.001,0.9,0.08654841093865485
z_price_to_MA50,-0.00107643389549106,True,1,target_5d_forward_return_raw,0.001,0.9,0.08654841093865485
z_MA20_minus_MA50,-0.0,False,1,target_5d_forward_return_raw,0.001,0.9,0.08654841093865485
z_volatility_20d,0.0,False,1,target_5d_forward_return_raw,0.001,0.9,0.08654841093865485
z_max_drawdown_60d,-0.0,False,1,target_5d_forward_return_raw,0.001,0.9,0.08654841093865485
z_ATR_14,-0.0,False,1,target_5d_forward_return_raw,0.001,0.9,0.08654841093865485
z_volume_change,-0.0,False,1,target_5d_forward_return_raw,0.001,0.9,0.08654841093865485
z_relative_volume,0.0,False,1,target_5d_forward_return_raw,0.001,0.9,0.08654841093865485
z_RSI_14,-0.0,False,1,target_5d_forward_return_raw,0.001,0.9,0.08654841093865485
z_market_beta_60d,-0.0,False,1,target_5d_forward_return_raw,0.001,0.9,0.08654841093865485
z_idio_vol_60d,-0.0,False,1,target_5d_forward_return_raw,0.001,0.9,0.08654841093865485
z_Federal_Funds_Rate,-0.0,False,1,target_5d_forward_return_raw,0.001,0.9,0.08654841093865485
z_Treasury_10Y,-0.004097584793760669,True,1,target_5d_forward_return_raw,0.001,0.9,0.08654841093865485
z_Yield_Spread_10Y2Y,0.0007576052260297383,True,1,target_5d_forward_return_raw,0.001,0.9,0.08654841093865485
z_Breakeven_Inflation_10Y,-0.0011377933883743854,True,1,target_5d_forward_return_raw,0.001,0.9,0.08654841093865485
z_CPI,-0.0008582812672396069,True,1,target_5d_forward_return_raw,0.001,0.9,0.08654841093865485
z_Unemployment_Rate,0.0013596628025454576,True,1,target_5d_forward_return_raw,0.001,0.9,0.08654841093865485
z_Financial_Conditions_Index,-0.002053354862099791,True,1,target_5d_forward_return_raw,0.001,0.9,0.08654841093865485
z_VIX,0.0014331279333415334,True,1,target_5d_forward_return_raw,0.001,0.9,0.08654841093865485
z_rate_sensitivity_beta,-0.0002641816254317918,True,1,target_5d_forward_return_raw,0.001,0.9,0.08654841093865485
ETF_XLC,-0.0,False,1,target_5d_forward_return_raw,0.001,0.9,0.08654841093865485
ETF_XLE,-0.0007269147769621635,True,1,target_5d_forward_return_raw,0.001,0.9,0.08654841093865485
ETF_XLF,-0.0,False,1,target_5d_forward_return_raw,0.001,0.9,0.08654841093865485
ETF_XLI,0.0,False,1,target_5d_forward_return_raw,0.001,0.9,0.08654841093865485
ETF_XLK,0.0,False,1,target_5d_forward_return_raw,0.001,0.9,0.08654841093865485
ETF_XLP,0.0,False,1,target_5d_forward_return_raw,0.001,0.9,0.08654841093865485
ETF_XLRE,0.0,False,1,target_5d_forward_return_raw,0.001,0.9,0.08654841093865485
ETF_XLU,0.0,False,1,target_5d_forward_return_raw,0.001,0.9,0.08654841093865485
ETF_XLV,-0.0,False,1,target_5d_forward_return_raw,0.001,0.9,0.08654841093865485
ETF_XLY,0.0,False,1,target_5d_forward_return_raw,0.001,0.9,0.08654841093865485
z_return_5d,-0.0004795770970446247,True,2,target_5d_forward_return_raw,0.0001,0.3,0.0348848878394333
z_return_5d_rel_spy,-4.310906978223438e-06,True,2,target_5d_forward_return_raw,0.0001,0.3,0.0348848878394333
z_return_5d_excess_rf,-1.9356795296232254e-08,True,2,target_5d_forward_return_raw,0.0001,0.3,0.0348848878394333
z_return_20d,0.0,False,2,target_5d_forward_return_raw,0.0001,0.3,0.0348848878394333
z_return_20d_rel_spy,0.0,False,2,target_5d_forward_return_raw,0.0001,0.3,0.0348848878394333
z_return_20d_excess_rf,0.0,False,2,target_5d_forward_return_raw,0.0001,0.3,0.0348848878394333
z_return_60d_rel_spy,-0.0008888807955494408,True,2,target_5d_forward_return_raw,0.0001,0.3,0.0348848878394333
z_price_to_MA20,-0.0010323820572642867,True,2,target_5d_forward_return_raw,0.0001,0.3,0.0348848878394333
z_price_to_MA50,0.0023176929995145463,True,2,target_5d_forward_return_raw,0.0001,0.3,0.0348848878394333
z_MA20_minus_MA50,-0.0008958856083976374,True,2,target_5d_forward_return_raw,0.0001,0.3,0.0348848878394333
z_volatility_20d,0.0010156881067074795,True,2,target_5d_forward_return_raw,0.0001,0.3,0.0348848878394333
z_max_drawdown_60d,-0.0016364050325585158,True,2,target_5d_forward_return_raw,0.0001,0.3,0.0348848878394333
z_ATR_14,-0.006431460576364817,True,2,target_5d_forward_return_raw,0.0001,0.3,0.0348848878394333
z_volume_change,-0.0003290134183445607,True,2,target_5d_forward_return_raw,0.0001,0.3,0.0348848878394333
z_relative_volume,0.00016137544768224949,True,2,target_5d_forward_return_raw,0.0001,0.3,0.0348848878394333
z_RSI_14,-0.0003989147462103024,True,2,target_5d_forward_return_raw,0.0001,0.3,0.0348848878394333
z_market_beta_60d,-0.0020248099494527202,True,2,target_5d_forward_return_raw,0.0001,0.3,0.0348848878394333
z_idio_vol_60d,-0.00026299289516735537,True,2,target_5d_forward_return_raw,0.0001,0.3,0.0348848878394333
z_Federal_Funds_Rate,0.0008402434217887153,True,2,target_5d_forward_return_raw,0.0001,0.3,0.0348848878394333
z_Treasury_10Y,-0.0013952854976784273,True,2,target_5d_forward_return_raw,0.0001,0.3,0.0348848878394333
z_Yield_Spread_10Y2Y,0.007158219164248845,True,2,target_5d_forward_return_raw,0.0001,0.3,0.0348848878394333
z_Breakeven_Inflation_10Y,-0.008119503783778636,True,2,target_5d_forward_return_raw,0.0001,0.3,0.0348848878394333
z_CPI,-0.0009327651129809779,True,2,target_5d_forward_return_raw,0.0001,0.3,0.0348848878394333
z_Unemployment_Rate,0.0035376448989641006,True,2,target_5d_forward_return_raw,0.0001,0.3,0.0348848878394333
z_Financial_Conditions_Index,-0.008036376667821947,True,2,target_5d_forward_return_raw,0.0001,0.3,0.0348848878394333
z_VIX,-0.0032743113466535494,True,2,target_5d_forward_return_raw,0.0001,0.3,0.0348848878394333
z_rate_sensitivity_beta,-0.002356742577329868,True,2,target_5d_forward_return_raw,0.0001,0.3,0.0348848878394333
ETF_XLC,-0.0003208142420041978,True,2,target_5d_forward_return_raw,0.0001,0.3,0.0348848878394333
ETF_XLE,0.00042187030534717026,True,2,target_5d_forward_return_raw,0.0001,0.3,0.0348848878394333
ETF_XLF,-4.237577773277345e-05,True,2,target_5d_forward_return_raw,0.0001,0.3,0.0348848878394333
ETF_XLI,0.002940648178234859,True,2,target_5d_forward_return_raw,0.0001,0.3,0.0348848878394333
ETF_XLK,0.00034668990049830045,True,2,target_5d_forward_return_raw,0.0001,0.3,0.0348848878394333
ETF_XLP,0.003025682447629785,True,2,target_5d_forward_return_raw,0.0001,0.3,0.0348848878394333
ETF_XLRE,0.0009407791910219886,True,2,target_5d_forward_return_raw,0.0001,0.3,0.0348848878394333
ETF_XLU,-0.0005077046664733829,True,2,target_5d_forward_return_raw,0.0001,0.3,0.0348848878394333
ETF_XLV,0.004300152467315326,True,2,target_5d_forward_return_raw,0.0001,0.3,0.0348848878394333
ETF_XLY,0.00025061200140723787,True,2,target_5d_forward_return_raw,0.0001,0.3,0.0348848878394333
z_return_5d,1.7861481089593812e-05,True,3,target_5d_forward_return_raw,1e-05,0.5,0.030139569201481153
z_return_5d_rel_spy,1.5045266129482574e-08,True,3,target_5d_forward_return_raw,1e-05,0.5,0.030139569201481153
z_return_5d_excess_rf,6.206956481177239e-12,False,3,target_5d_forward_return_raw,1e-05,0.5,0.030139569201481153
z_return_20d,0.0005412201462748986,True,3,target_5d_forward_return_raw,1e-05,0.5,0.030139569201481153
z_return_20d_rel_spy,4.586319562663933e-07,True,3,target_5d_forward_return_raw,1e-05,0.5,0.030139569201481153
z_return_20d_excess_rf,1.9670239517484478e-10,False,3,target_5d_forward_return_raw,1e-05,0.5,0.030139569201481153
z_return_60d_rel_spy,-0.0015049417655061948,True,3,target_5d_forward_return_raw,1e-05,0.5,0.030139569201481153
z_price_to_MA20,-0.0016247318758417202,True,3,target_5d_forward_return_raw,1e-05,0.5,0.030139569201481153
z_price_to_MA50,0.0020762206864742548,True,3,target_5d_forward_return_raw,1e-05,0.5,0.030139569201481153
z_MA20_minus_MA50,-0.0011170194194522298,True,3,target_5d_forward_return_raw,1e-05,0.5,0.030139569201481153
z_volatility_20d,0.0007024982810650846,True,3,target_5d_forward_return_raw,1e-05,0.5,0.030139569201481153
z_max_drawdown_60d,0.0011732347439680963,True,3,target_5d_forward_return_raw,1e-05,0.5,0.030139569201481153
z_ATR_14,-0.010495137208088631,True,3,target_5d_forward_return_raw,1e-05,0.5,0.030139569201481153
z_volume_change,-0.0002897104629410165,True,3,target_5d_forward_return_raw,1e-05,0.5,0.030139569201481153
z_relative_volume,0.00017981679790624844,True,3,target_5d_forward_return_raw,1e-05,0.5,0.030139569201481153
z_RSI_14,0.0002594135673343967,True,3,target_5d_forward_return_raw,1e-05,0.5,0.030139569201481153
z_market_beta_60d,-0.0018802962572490238,True,3,target_5d_forward_return_raw,1e-05,0.5,0.030139569201481153
z_idio_vol_60d,5.114462517191162e-05,True,3,target_5d_forward_return_raw,1e-05,0.5,0.030139569201481153
z_Federal_Funds_Rate,-0.0005555632741506439,True,3,target_5d_forward_return_raw,1e-05,0.5,0.030139569201481153
z_Treasury_10Y,-0.001863755797583791,True,3,target_5d_forward_return_raw,1e-05,0.5,0.030139569201481153
z_Yield_Spread_10Y2Y,0.0029500741868335486,True,3,target_5d_forward_return_raw,1e-05,0.5,0.030139569201481153
z_Breakeven_Inflation_10Y,-0.0031298062507590964,True,3,target_5d_forward_return_raw,1e-05,0.5,0.030139569201481153
z_CPI,-0.00022846379707299055,True,3,target_5d_forward_return_raw,1e-05,0.5,0.030139569201481153
z_Unemployment_Rate,0.0032299714253900456,True,3,target_5d_forward_return_raw,1e-05,0.5,0.030139569201481153
z_Financial_Conditions_Index,-0.0052351705718144135,True,3,target_5d_forward_return_raw,1e-05,0.5,0.030139569201481153
z_VIX,-0.0005760481385672933,True,3,target_5d_forward_return_raw,1e-05,0.5,0.030139569201481153
z_rate_sensitivity_beta,-0.0015041858216121307,True,3,target_5d_forward_return_raw,1e-05,0.5,0.030139569201481153
ETF_XLC,-0.0005525897975002064,True,3,target_5d_forward_return_raw,1e-05,0.5,0.030139569201481153
ETF_XLE,0.003384628873849836,True,3,target_5d_forward_return_raw,1e-05,0.5,0.030139569201481153
ETF_XLF,-0.00037021276143379197,True,3,target_5d_forward_return_raw,1e-05,0.5,0.030139569201481153
ETF_XLI,0.004730542764981957,True,3,target_5d_forward_return_raw,1e-05,0.5,0.030139569201481153
ETF_XLK,-0.0001412100922098625,True,3,target_5d_forward_return_raw,1e-05,0.5,0.030139569201481153
ETF_XLP,0.00527180604497377,True,3,target_5d_forward_return_raw,1e-05,0.5,0.030139569201481153
ETF_XLRE,0.0027958222145457565,True,3,target_5d_forward_return_raw,1e-05,0.5,0.030139569201481153
ETF_XLU,4.371752719481066e-05,True,3,target_5d_forward_return_raw,1e-05,0.5,0.030139569201481153
ETF_XLV,0.007296085535901509,True,3,target_5d_forward_return_raw,1e-05,0.5,0.030139569201481153
ETF_XLY,0.00023721226239266564,True,3,target_5d_forward_return_raw,1e-05,0.5,0.030139569201481153
z_return_5d,-0.00013446119559919458,True,4,target_5d_forward_return_raw,1e-05,0.3,0.03879137542702205
z_return_5d_rel_spy,-2.308594782001038e-07,True,4,target_5d_forward_return_raw,1e-05,0.3,0.03879137542702205
z_return_5d_excess_rf,-1.9338884596800766e-10,False,4,target_5d_forward_return_raw,1e-05,0.3,0.03879137542702205
z_return_20d,0.0001345120157419956,True,4,target_5d_forward_return_raw,1e-05,0.3,0.03879137542702205
z_return_20d_rel_spy,1.6855063277765438e-07,True,4,target_5d_forward_return_raw,1e-05,0.3,0.03879137542702205
z_return_20d_excess_rf,1.0645272046819924e-10,False,4,target_5d_forward_return_raw,1e-05,0.3,0.03879137542702205
z_return_60d_rel_spy,-0.0015676773908739903,True,4,target_5d_forward_return_raw,1e-05,0.3,0.03879137542702205
z_price_to_MA20,-0.0016923621141186759,True,4,target_5d_forward_return_raw,1e-05,0.3,0.03879137542702205
z_price_to_MA50,0.002511426853939757,True,4,target_5d_forward_return_raw,1e-05,0.3,0.03879137542702205
z_MA20_minus_MA50,-0.0011584377650921533,True,4,target_5d_forward_return_raw,1e-05,0.3,0.03879137542702205
z_volatility_20d,0.0008953197332848456,True,4,target_5d_forward_return_raw,1e-05,0.3,0.03879137542702205
z_max_drawdown_60d,0.0010512107986189643,True,4,target_5d_forward_return_raw,1e-05,0.3,0.03879137542702205
z_ATR_14,-0.009762283837221192,True,4,target_5d_forward_return_raw,1e-05,0.3,0.03879137542702205
z_volume_change,-0.00016867011970988333,True,4,target_5d_forward_return_raw,1e-05,0.3,0.03879137542702205
z_relative_volume,-0.0001483108657793833,True,4,target_5d_forward_return_raw,1e-05,0.3,0.03879137542702205
z_RSI_14,0.000639771742226814,True,4,target_5d_forward_return_raw,1e-05,0.3,0.03879137542702205
z_market_beta_60d,-0.0020431970820595623,True,4,target_5d_forward_return_raw,1e-05,0.3,0.03879137542702205
z_idio_vol_60d,0.0006973503390856525,True,4,target_5d_forward_return_raw,1e-05,0.3,0.03879137542702205
z_Federal_Funds_Rate,0.00032251669922952743,True,4,target_5d_forward_return_raw,1e-05,0.3,0.03879137542702205
z_Treasury_10Y,0.0005711880555046815,True,4,target_5d_forward_return_raw,1e-05,0.3,0.03879137542702205
z_Yield_Spread_10Y2Y,0.001954025543594729,True,4,target_5d_forward_return_raw,1e-05,0.3,0.03879137542702205
z_Breakeven_Inflation_10Y,-0.0021593701502052175,True,4,target_5d_forward_return_raw,1e-05,0.3,0.03879137542702205
z_CPI,-0.0003257629417495656,True,4,target_5d_forward_return_raw,1e-05,0.3,0.03879137542702205
z_Unemployment_Rate,0.0031486775770512235,True,4,target_5d_forward_return_raw,1e-05,0.3,0.03879137542702205
z_Financial_Conditions_Index,-0.002064584928612701,True,4,target_5d_forward_return_raw,1e-05,0.3,0.03879137542702205
z_VIX,-0.0015853113784112228,True,4,target_5d_forward_return_raw,1e-05,0.3,0.03879137542702205
z_rate_sensitivity_beta,-0.0011148277206543742,True,4,target_5d_forward_return_raw,1e-05,0.3,0.03879137542702205
ETF_XLC,-0.0001477632405246458,True,4,target_5d_forward_return_raw,1e-05,0.3,0.03879137542702205
ETF_XLE,0.002838308186879974,True,4,target_5d_forward_return_raw,1e-05,0.3,0.03879137542702205
ETF_XLF,-0.00047425524881171253,True,4,target_5d_forward_return_raw,1e-05,0.3,0.03879137542702205
ETF_XLI,0.004528560632632143,True,4,target_5d_forward_return_raw,1e-05,0.3,0.03879137542702205
ETF_XLK,0.0003711368722603846,True,4,target_5d_forward_return_raw,1e-05,0.3,0.03879137542702205
ETF_XLP,0.005025763453256655,True,4,target_5d_forward_return_raw,1e-05,0.3,0.03879137542702205
ETF_XLRE,0.0023024879436258122,True,4,target_5d_forward_return_raw,1e-05,0.3,0.03879137542702205
ETF_XLU,-0.0001446442598876763,True,4,target_5d_forward_return_raw,1e-05,0.3,0.03879137542702205
ETF_XLV,0.00701068261976067,True,4,target_5d_forward_return_raw,1e-05,0.3,0.03879137542702205
ETF_XLY,0.0005567843048116383,True,4,target_5d_forward_return_raw,1e-05,0.3,0.03879137542702205
z_return_5d,0.0,False,5,target_5d_forward_return_raw,0.001,0.7,0.040048819391425926
z_return_5d_rel_spy,0.0,False,5,target_5d_forward_return_raw,0.001,0.7,0.040048819391425926
z_return_5d_excess_rf,0.0,False,5,target_5d_forward_return_raw,0.001,0.7,0.040048819391425926
z_return_20d,0.0,False,5,target_5d_forward_return_raw,0.001,0.7,0.040048819391425926
z_return_20d_rel_spy,0.0,False,5,target_5d_forward_return_raw,0.001,0.7,0.040048819391425926
z_return_20d_excess_rf,0.0,False,5,target_5d_forward_return_raw,0.001,0.7,0.040048819391425926
z_return_60d_rel_spy,-0.0,False,5,target_5d_forward_return_raw,0.001,0.7,0.040048819391425926
z_price_to_MA20,0.0,False,5,target_5d_forward_return_raw,0.001,0.7,0.040048819391425926
z_price_to_MA50,0.0,False,5,target_5d_forward_return_raw,0.001,0.7,0.040048819391425926
z_MA20_minus_MA50,-0.0,False,5,target_5d_forward_return_raw,0.001,0.7,0.040048819391425926
z_volatility_20d,0.0,False,5,target_5d_forward_return_raw,0.001,0.7,0.040048819391425926
z_max_drawdown_60d,-0.0,False,5,target_5d_forward_return_raw,0.001,0.7,0.040048819391425926
z_ATR_14,-0.00013583428264180003,True,5,target_5d_forward_return_raw,0.001,0.7,0.040048819391425926
z_volume_change,-0.0,False,5,target_5d_forward_return_raw,0.001,0.7,0.040048819391425926
z_relative_volume,-0.0,False,5,target_5d_forward_return_raw,0.001,0.7,0.040048819391425926
z_RSI_14,0.0,False,5,target_5d_forward_return_raw,0.001,0.7,0.040048819391425926
z_market_beta_60d,0.0,False,5,target_5d_forward_return_raw,0.001,0.7,0.040048819391425926
z_idio_vol_60d,0.0,False,5,target_5d_forward_return_raw,0.001,0.7,0.040048819391425926
z_Federal_Funds_Rate,-0.0,False,5,target_5d_forward_return_raw,0.001,0.7,0.040048819391425926
z_Treasury_10Y,-0.0,False,5,target_5d_forward_return_raw,0.001,0.7,0.040048819391425926
z_Yield_Spread_10Y2Y,0.00020453987682602674,True,5,target_5d_forward_return_raw,0.001,0.7,0.040048819391425926
z_Breakeven_Inflation_10Y,-0.0,False,5,target_5d_forward_return_raw,0.001,0.7,0.040048819391425926
z_CPI,-0.0008794644414316755,True,5,target_5d_forward_return_raw,0.001,0.7,0.040048819391425926
z_Unemployment_Rate,0.0021333257506010147,True,5,target_5d_forward_return_raw,0.001,0.7,0.040048819391425926
z_Financial_Conditions_Index,-0.001423727070963298,True,5,target_5d_forward_return_raw,0.001,0.7,0.040048819391425926
z_VIX,-4.9891251880855665e-05,True,5,target_5d_forward_return_raw,0.001,0.7,0.040048819391425926
z_rate_sensitivity_beta,-0.0,False,5,target_5d_forward_return_raw,0.001,0.7,0.040048819391425926
ETF_XLC,0.0,False,5,target_5d_forward_return_raw,0.001,0.7,0.040048819391425926
ETF_XLE,-0.0,False,5,target_5d_forward_return_raw,0.001,0.7,0.040048819391425926
ETF_XLF,0.0,False,5,target_5d_forward_return_raw,0.001,0.7,0.040048819391425926
ETF_XLI,0.0,False,5,target_5d_forward_return_raw,0.001,0.7,0.040048819391425926
ETF_XLK,0.0,False,5,target_5d_forward_return_raw,0.001,0.7,0.040048819391425926
ETF_XLP,-0.0,False,5,target_5d_forward_return_raw,0.001,0.7,0.040048819391425926
ETF_XLRE,-0.0,False,5,target_5d_forward_return_raw,0.001,0.7,0.040048819391425926
ETF_XLU,-0.0,False,5,target_5d_forward_return_raw,0.001,0.7,0.040048819391425926
ETF_XLV,-0.0,False,5,target_5d_forward_return_raw,0.001,0.7,0.040048819391425926
ETF_XLY,0.0,False,5,target_5d_forward_return_raw,0.001,0.7,0.040048819391425926
z_return_5d,-0.0,False,1,target_5d_forward_return_excess_spy,0.001,0.9,0.08614680451295204
z_return_5d_rel_spy,-0.0,False,1,target_5d_forward_return_excess_spy,0.001,0.9,0.08614680451295204
z_return_5d_excess_rf,-0.0,False,1,target_5d_forward_return_excess_spy,0.001,0.9,0.08614680451295204
z_return_20d,-0.0,False,1,target_5d_forward_return_excess_spy,0.001,0.9,0.08614680451295204
z_return_20d_rel_spy,-0.0,False,1,target_5d_forward_return_excess_spy,0.001,0.9,0.08614680451295204
z_return_20d_excess_rf,-0.0,False,1,target_5d_forward_return_excess_spy,0.001,0.9,0.08614680451295204
z_return_60d_rel_spy,-0.0,False,1,target_5d_forward_return_excess_spy,0.001,0.9,0.08614680451295204
z_price_to_MA20,-0.0,False,1,target_5d_forward_return_excess_spy,0.001,0.9,0.08614680451295204
z_price_to_MA50,-0.001076438614487188,True,1,target_5d_forward_return_excess_spy,0.001,0.9,0.08614680451295204
z_MA20_minus_MA50,-0.0,False,1,target_5d_forward_return_excess_spy,0.001,0.9,0.08614680451295204
z_volatility_20d,0.0,False,1,target_5d_forward_return_excess_spy,0.001,0.9,0.08614680451295204
z_max_drawdown_60d,-0.0,False,1,target_5d_forward_return_excess_spy,0.001,0.9,0.08614680451295204
z_ATR_14,-0.0,False,1,target_5d_forward_return_excess_spy,0.001,0.9,0.08614680451295204
z_volume_change,-0.0,False,1,target_5d_forward_return_excess_spy,0.001,0.9,0.08614680451295204
z_relative_volume,0.0,False,1,target_5d_forward_return_excess_spy,0.001,0.9,0.08614680451295204
z_RSI_14,-0.0,False,1,target_5d_forward_return_excess_spy,0.001,0.9,0.08614680451295204
z_market_beta_60d,-0.0,False,1,target_5d_forward_return_excess_spy,0.001,0.9,0.08614680451295204
z_idio_vol_60d,-0.0,False,1,target_5d_forward_return_excess_spy,0.001,0.9,0.08614680451295204
z_Federal_Funds_Rate,0.0,False,1,target_5d_forward_return_excess_spy,0.001,0.9,0.08614680451295204
z_Treasury_10Y,0.0,False,1,target_5d_forward_return_excess_spy,0.001,0.9,0.08614680451295204
z_Yield_Spread_10Y2Y,0.0,False,1,target_5d_forward_return_excess_spy,0.001,0.9,0.08614680451295204
z_Breakeven_Inflation_10Y,0.0,False,1,target_5d_forward_return_excess_spy,0.001,0.9,0.08614680451295204
z_CPI,0.0,False,1,target_5d_forward_return_excess_spy,0.001,0.9,0.08614680451295204
z_Unemployment_Rate,-0.0,False,1,target_5d_forward_return_excess_spy,0.001,0.9,0.08614680451295204
z_Financial_Conditions_Index,0.0,False,1,target_5d_forward_return_excess_spy,0.001,0.9,0.08614680451295204
z_VIX,0.0,False,1,target_5d_forward_return_excess_spy,0.001,0.9,0.08614680451295204
z_rate_sensitivity_beta,-0.0002641827459345192,True,1,target_5d_forward_return_excess_spy,0.001,0.9,0.08614680451295204
ETF_XLC,-0.0,False,1,target_5d_forward_return_excess_spy,0.001,0.9,0.08614680451295204
ETF_XLE,-0.0007269158252575553,True,1,target_5d_forward_return_excess_spy,0.001,0.9,0.08614680451295204
ETF_XLF,-0.0,False,1,target_5d_forward_return_excess_spy,0.001,0.9,0.08614680451295204
ETF_XLI,0.0,False,1,target_5d_forward_return_excess_spy,0.001,0.9,0.08614680451295204
ETF_XLK,0.0,False,1,target_5d_forward_return_excess_spy,0.001,0.9,0.08614680451295204
ETF_XLP,0.0,False,1,target_5d_forward_return_excess_spy,0.001,0.9,0.08614680451295204
ETF_XLRE,0.0,False,1,target_5d_forward_return_excess_spy,0.001,0.9,0.08614680451295204
ETF_XLU,0.0,False,1,target_5d_forward_return_excess_spy,0.001,0.9,0.08614680451295204
ETF_XLV,-0.0,False,1,target_5d_forward_return_excess_spy,0.001,0.9,0.08614680451295204
ETF_XLY,0.0,False,1,target_5d_forward_return_excess_spy,0.001,0.9,0.08614680451295204
z_return_5d,-0.0004795435527648757,True,2,target_5d_forward_return_excess_spy,0.0001,0.3,0.0348848878394333
z_return_5d_rel_spy,-4.344170934942415e-06,True,2,target_5d_forward_return_excess_spy,0.0001,0.3,0.0348848878394333
z_return_5d_excess_rf,-1.965951105381726e-08,True,2,target_5d_forward_return_excess_spy,0.0001,0.3,0.0348848878394333
z_return_20d,0.0,False,2,target_5d_forward_return_excess_spy,0.0001,0.3,0.0348848878394333
z_return_20d_rel_spy,0.0,False,2,target_5d_forward_return_excess_spy,0.0001,0.3,0.0348848878394333
z_return_20d_excess_rf,0.0,False,2,target_5d_forward_return_excess_spy,0.0001,0.3,0.0348848878394333
z_return_60d_rel_spy,-0.0008888963933051784,True,2,target_5d_forward_return_excess_spy,0.0001,0.3,0.0348848878394333
z_price_to_MA20,-0.0010323905812218653,True,2,target_5d_forward_return_excess_spy,0.0001,0.3,0.0348848878394333
z_price_to_MA50,0.0023177026342262397,True,2,target_5d_forward_return_excess_spy,0.0001,0.3,0.0348848878394333
z_MA20_minus_MA50,-0.0008958816945476725,True,2,target_5d_forward_return_excess_spy,0.0001,0.3,0.0348848878394333
z_volatility_20d,0.0010156799235601292,True,2,target_5d_forward_return_excess_spy,0.0001,0.3,0.0348848878394333
z_max_drawdown_60d,-0.0016363374410750034,True,2,target_5d_forward_return_excess_spy,0.0001,0.3,0.0348848878394333
z_ATR_14,-0.006431868276477279,True,2,target_5d_forward_return_excess_spy,0.0001,0.3,0.0348848878394333
z_volume_change,-0.0003290085911559111,True,2,target_5d_forward_return_excess_spy,0.0001,0.3,0.0348848878394333
z_relative_volume,0.00016136742626966604,True,2,target_5d_forward_return_excess_spy,0.0001,0.3,0.0348848878394333
z_RSI_14,-0.0003989086947394829,True,2,target_5d_forward_return_excess_spy,0.0001,0.3,0.0348848878394333
z_market_beta_60d,-0.0020247994854993303,True,2,target_5d_forward_return_excess_spy,0.0001,0.3,0.0348848878394333
z_idio_vol_60d,-0.0002630621454414303,True,2,target_5d_forward_return_excess_spy,0.0001,0.3,0.0348848878394333
z_Federal_Funds_Rate,0.0003997799405067614,True,2,target_5d_forward_return_excess_spy,0.0001,0.3,0.0348848878394333
z_Treasury_10Y,0.00041910698797578905,True,2,target_5d_forward_return_excess_spy,0.0001,0.3,0.0348848878394333
z_Yield_Spread_10Y2Y,0.0003263761507940734,True,2,target_5d_forward_return_excess_spy,0.0001,0.3,0.0348848878394333
z_Breakeven_Inflation_10Y,-0.0,False,2,target_5d_forward_return_excess_spy,0.0001,0.3,0.0348848878394333
z_CPI,0.0006134744517091855,True,2,target_5d_forward_return_excess_spy,0.0001,0.3,0.0348848878394333
z_Unemployment_Rate,0.00026430013528282647,True,2,target_5d_forward_return_excess_spy,0.0001,0.3,0.0348848878394333
z_Financial_Conditions_Index,0.0005179850213812928,True,2,target_5d_forward_return_excess_spy,0.0001,0.3,0.0348848878394333
z_VIX,-0.000874756593073022,True,2,target_5d_forward_return_excess_spy,0.0001,0.3,0.0348848878394333
z_rate_sensitivity_beta,-0.0023567750524777623,True,2,target_5d_forward_return_excess_spy,0.0001,0.3,0.0348848878394333
ETF_XLC,-0.0003207986026300196,True,2,target_5d_forward_return_excess_spy,0.0001,0.3,0.0348848878394333
ETF_XLE,0.0004221197890252863,True,2,target_5d_forward_return_excess_spy,0.0001,0.3,0.0348848878394333
ETF_XLF,-4.23572468246478e-05,True,2,target_5d_forward_return_excess_spy,0.0001,0.3,0.0348848878394333
ETF_XLI,0.0029408551822534493,True,2,target_5d_forward_return_excess_spy,0.0001,0.3,0.0348848878394333
ETF_XLK,0.00034666471956691457,True,2,target_5d_forward_return_excess_spy,0.0001,0.3,0.0348848878394333
ETF_XLP,0.003025931025788735,True,2,target_5d_forward_return_excess_spy,0.0001,0.3,0.0348848878394333
ETF_XLRE,0.000940955108618578,True,2,target_5d_forward_return_excess_spy,0.0001,0.3,0.0348848878394333
ETF_XLU,-0.0005076074169231475,True,2,target_5d_forward_return_excess_spy,0.0001,0.3,0.0348848878394333
ETF_XLV,0.004300446657776016,True,2,target_5d_forward_return_excess_spy,0.0001,0.3,0.0348848878394333
ETF_XLY,0.00025061349796272385,True,2,target_5d_forward_return_excess_spy,0.0001,0.3,0.0348848878394333
z_return_5d,1.7861228811097172e-05,True,3,target_5d_forward_return_excess_spy,1e-05,0.5,0.030139569201481153
z_return_5d_rel_spy,1.513449660097098e-08,True,3,target_5d_forward_return_excess_spy,1e-05,0.5,0.030139569201481153
z_return_5d_excess_rf,6.28261516489068e-12,False,3,target_5d_forward_return_excess_spy,1e-05,0.5,0.030139569201481153
z_return_20d,0.0005412178243175964,True,3,target_5d_forward_return_excess_spy,1e-05,0.5,0.030139569201481153
z_return_20d_rel_spy,4.613357387049181e-07,True,3,target_5d_forward_return_excess_spy,1e-05,0.5,0.030139569201481153
z_return_20d_excess_rf,1.9900807923407397e-10,False,3,target_5d_forward_return_excess_spy,1e-05,0.5,0.030139569201481153
z_return_60d_rel_spy,-0.0015049455664896795,True,3,target_5d_forward_return_excess_spy,1e-05,0.5,0.030139569201481153
z_price_to_MA20,-0.0016247332188818297,True,3,target_5d_forward_return_excess_spy,1e-05,0.5,0.030139569201481153
z_price_to_MA50,0.002076222399271105,True,3,target_5d_forward_return_excess_spy,1e-05,0.5,0.030139569201481153
z_MA20_minus_MA50,-0.001117019298560115,True,3,target_5d_forward_return_excess_spy,1e-05,0.5,0.030139569201481153
z_volatility_20d,0.0007024959843557695,True,3,target_5d_forward_return_excess_spy,1e-05,0.5,0.030139569201481153
z_max_drawdown_60d,0.0011732447111760253,True,3,target_5d_forward_return_excess_spy,1e-05,0.5,0.030139569201481153
z_ATR_14,-0.010495212000411168,True,3,target_5d_forward_return_excess_spy,1e-05,0.5,0.030139569201481153
z_volume_change,-0.00028970995055112444,True,3,target_5d_forward_return_excess_spy,1e-05,0.5,0.030139569201481153
z_relative_volume,0.00017981593461568378,True,3,target_5d_forward_return_excess_spy,1e-05,0.5,0.030139569201481153
z_RSI_14,0.00025941405128703757,True,3,target_5d_forward_return_excess_spy,1e-05,0.5,0.030139569201481153
z_market_beta_60d,-0.001880289383650136,True,3,target_5d_forward_return_excess_spy,1e-05,0.5,0.030139569201481153
z_idio_vol_60d,5.1130801757942e-05,True,3,target_5d_forward_return_excess_spy,1e-05,0.5,0.030139569201481153
z_Federal_Funds_Rate,0.00019967978150587303,True,3,target_5d_forward_return_excess_spy,1e-05,0.5,0.030139569201481153
z_Treasury_10Y,0.0005749460199814222,True,3,target_5d_forward_return_excess_spy,1e-05,0.5,0.030139569201481153
z_Yield_Spread_10Y2Y,1.9211003245770527e-05,True,3,target_5d_forward_return_excess_spy,1e-05,0.5,0.030139569201481153
z_Breakeven_Inflation_10Y,9.494801216351172e-05,True,3,target_5d_forward_return_excess_spy,1e-05,0.5,0.030139569201481153
z_CPI,0.0006267841612820603,True,3,target_5d_forward_return_excess_spy,1e-05,0.5,0.030139569201481153
z_Unemployment_Rate,0.00019147782401667562,True,3,target_5d_forward_return_excess_spy,1e-05,0.5,0.030139569201481153
z_Financial_Conditions_Index,0.0006926399050781986,True,3,target_5d_forward_return_excess_spy,1e-05,0.5,0.030139569201481153
z_VIX,-0.000803490137224977,True,3,target_5d_forward_return_excess_spy,1e-05,0.5,0.030139569201481153
z_rate_sensitivity_beta,-0.0015041923429842403,True,3,target_5d_forward_return_excess_spy,1e-05,0.5,0.030139569201481153
ETF_XLC,-0.0005525864036204615,True,3,target_5d_forward_return_excess_spy,1e-05,0.5,0.030139569201481153
ETF_XLE,0.0033846696529698916,True,3,target_5d_forward_return_excess_spy,1e-05,0.5,0.030139569201481153
ETF_XLF,-0.0003702100178055997,True,3,target_5d_forward_return_excess_spy,1e-05,0.5,0.030139569201481153
ETF_XLI,0.004730579797439448,True,3,target_5d_forward_return_excess_spy,1e-05,0.5,0.030139569201481153
ETF_XLK,-0.0001412161344381366,True,3,target_5d_forward_return_excess_spy,1e-05,0.5,0.030139569201481153
ETF_XLP,0.005271853534571653,True,3,target_5d_forward_return_excess_spy,1e-05,0.5,0.030139569201481153
ETF_XLRE,0.002795855639730058,True,3,target_5d_forward_return_excess_spy,1e-05,0.5,0.030139569201481153
ETF_XLU,4.3735599666713625e-05,True,3,target_5d_forward_return_excess_spy,1e-05,0.5,0.030139569201481153
ETF_XLV,0.00729614214656497,True,3,target_5d_forward_return_excess_spy,1e-05,0.5,0.030139569201481153
ETF_XLY,0.00023721466857324142,True,3,target_5d_forward_return_excess_spy,1e-05,0.5,0.030139569201481153
z_return_5d,-0.00013446119559924174,True,4,target_5d_forward_return_excess_spy,1e-05,0.3,0.03879137542702205
z_return_5d_rel_spy,-2.308594781984204e-07,True,4,target_5d_forward_return_excess_spy,1e-05,0.3,0.03879137542702205
z_return_5d_excess_rf,-1.9338880767426388e-10,False,4,target_5d_forward_return_excess_spy,1e-05,0.3,0.03879137542702205
z_return_20d,0.00013451201574198464,True,4,target_5d_forward_return_excess_spy,1e-05,0.3,0.03879137542702205
z_return_20d_rel_spy,1.685506327820373e-07,True,4,target_5d_forward_return_excess_spy,1e-05,0.3,0.03879137542702205
z_return_20d_excess_rf,1.0645271898952993e-10,False,4,target_5d_forward_return_excess_spy,1e-05,0.3,0.03879137542702205
z_return_60d_rel_spy,-0.0015676773908739885,True,4,target_5d_forward_return_excess_spy,1e-05,0.3,0.03879137542702205
z_price_to_MA20,-0.0016923621141186542,True,4,target_5d_forward_return_excess_spy,1e-05,0.3,0.03879137542702205
z_price_to_MA50,0.0025114268539397563,True,4,target_5d_forward_return_excess_spy,1e-05,0.3,0.03879137542702205
z_MA20_minus_MA50,-0.001158437765092153,True,4,target_5d_forward_return_excess_spy,1e-05,0.3,0.03879137542702205
z_volatility_20d,0.0008953197332848437,True,4,target_5d_forward_return_excess_spy,1e-05,0.3,0.03879137542702205
z_max_drawdown_60d,0.0010512107986189634,True,4,target_5d_forward_return_excess_spy,1e-05,0.3,0.03879137542702205
z_ATR_14,-0.009762283837221185,True,4,target_5d_forward_return_excess_spy,1e-05,0.3,0.03879137542702205
z_volume_change,-0.00016867011970988303,True,4,target_5d_forward_return_excess_spy,1e-05,0.3,0.03879137542702205
z_relative_volume,-0.00014831086577938283,True,4,target_5d_forward_return_excess_spy,1e-05,0.3,0.03879137542702205
z_RSI_14,0.0006397717422268048,True,4,target_5d_forward_return_excess_spy,1e-05,0.3,0.03879137542702205
z_market_beta_60d,-0.002043197082059566,True,4,target_5d_forward_return_excess_spy,1e-05,0.3,0.03879137542702205
z_idio_vol_60d,0.0006973503390856564,True,4,target_5d_forward_return_excess_spy,1e-05,0.3,0.03879137542702205
z_Federal_Funds_Rate,-0.0003469632802479452,True,4,target_5d_forward_return_excess_spy,1e-05,0.3,0.03879137542702205
z_Treasury_10Y,0.000266736237266767,True,4,target_5d_forward_return_excess_spy,1e-05,0.3,0.03879137542702205
z_Yield_Spread_10Y2Y,4.192309908364599e-05,True,4,target_5d_forward_return_excess_spy,1e-05,0.3,0.03879137542702205
z_Breakeven_Inflation_10Y,-0.00012497209817866894,True,4,target_5d_forward_return_excess_spy,1e-05,0.3,0.03879137542702205
z_CPI,0.000743284847089514,True,4,target_5d_forward_return_excess_spy,1e-05,0.3,0.03879137542702205
z_Unemployment_Rate,0.00010055127436107429,True,4,target_5d_forward_return_excess_spy,1e-05,0.3,0.03879137542702205
z_Financial_Conditions_Index,4.108240384015444e-05,True,4,target_5d_forward_return_excess_spy,1e-05,0.3,0.03879137542702205
z_VIX,-0.00037039122723640057,True,4,target_5d_forward_return_excess_spy,1e-05,0.3,0.03879137542702205
z_rate_sensitivity_beta,-0.0011148277206543718,True,4,target_5d_forward_return_excess_spy,1e-05,0.3,0.03879137542702205
ETF_XLC,-0.00014776324052464423,True,4,target_5d_forward_return_excess_spy,1e-05,0.3,0.03879137542702205
ETF_XLE,0.0028383081868799697,True,4,target_5d_forward_return_excess_spy,1e-05,0.3,0.03879137542702205
ETF_XLF,-0.00047425524881171275,True,4,target_5d_forward_return_excess_spy,1e-05,0.3,0.03879137542702205
ETF_XLI,0.004528560632632141,True,4,target_5d_forward_return_excess_spy,1e-05,0.3,0.03879137542702205
ETF_XLK,0.00037113687226038723,True,4,target_5d_forward_return_excess_spy,1e-05,0.3,0.03879137542702205
ETF_XLP,0.005025763453256649,True,4,target_5d_forward_return_excess_spy,1e-05,0.3,0.03879137542702205
ETF_XLRE,0.0023024879436258105,True,4,target_5d_forward_return_excess_spy,1e-05,0.3,0.03879137542702205
ETF_XLU,-0.00014464425988767774,True,4,target_5d_forward_return_excess_spy,1e-05,0.3,0.03879137542702205
ETF_XLV,0.007010682619760667,True,4,target_5d_forward_return_excess_spy,1e-05,0.3,0.03879137542702205
ETF_XLY,0.00055678430481164,True,4,target_5d_forward_return_excess_spy,1e-05,0.3,0.03879137542702205
z_return_5d,0.0,False,5,target_5d_forward_return_excess_spy,0.001,0.7,0.0400196818622884
z_return_5d_rel_spy,0.0,False,5,target_5d_forward_return_excess_spy,0.001,0.7,0.0400196818622884
z_return_5d_excess_rf,0.0,False,5,target_5d_forward_return_excess_spy,0.001,0.7,0.0400196818622884
z_return_20d,0.0,False,5,target_5d_forward_return_excess_spy,0.001,0.7,0.0400196818622884
z_return_20d_rel_spy,0.0,False,5,target_5d_forward_return_excess_spy,0.001,0.7,0.0400196818622884
z_return_20d_excess_rf,0.0,False,5,target_5d_forward_return_excess_spy,0.001,0.7,0.0400196818622884
z_return_60d_rel_spy,-0.0,False,5,target_5d_forward_return_excess_spy,0.001,0.7,0.0400196818622884
z_price_to_MA20,0.0,False,5,target_5d_forward_return_excess_spy,0.001,0.7,0.0400196818622884
z_price_to_MA50,0.0,False,5,target_5d_forward_return_excess_spy,0.001,0.7,0.0400196818622884
z_MA20_minus_MA50,-0.0,False,5,target_5d_forward_return_excess_spy,0.001,0.7,0.0400196818622884
z_volatility_20d,0.0,False,5,target_5d_forward_return_excess_spy,0.001,0.7,0.0400196818622884
z_max_drawdown_60d,-0.0,False,5,target_5d_forward_return_excess_spy,0.001,0.7,0.0400196818622884
z_ATR_14,-0.00013583428264179984,True,5,target_5d_forward_return_excess_spy,0.001,0.7,0.0400196818622884
z_volume_change,-0.0,False,5,target_5d_forward_return_excess_spy,0.001,0.7,0.0400196818622884
z_relative_volume,-0.0,False,5,target_5d_forward_return_excess_spy,0.001,0.7,0.0400196818622884
z_RSI_14,0.0,False,5,target_5d_forward_return_excess_spy,0.001,0.7,0.0400196818622884
z_market_beta_60d,0.0,False,5,target_5d_forward_return_excess_spy,0.001,0.7,0.0400196818622884
z_idio_vol_60d,0.0,False,5,target_5d_forward_return_excess_spy,0.001,0.7,0.0400196818622884
z_Federal_Funds_Rate,-0.0,False,5,target_5d_forward_return_excess_spy,0.001,0.7,0.0400196818622884
z_Treasury_10Y,0.0,False,5,target_5d_forward_return_excess_spy,0.001,0.7,0.0400196818622884
z_Yield_Spread_10Y2Y,0.0,False,5,target_5d_forward_return_excess_spy,0.001,0.7,0.0400196818622884
z_Breakeven_Inflation_10Y,0.0,False,5,target_5d_forward_return_excess_spy,0.001,0.7,0.0400196818622884
z_CPI,0.0,False,5,target_5d_forward_return_excess_spy,0.001,0.7,0.0400196818622884
z_Unemployment_Rate,-0.0,False,5,target_5d_forward_return_excess_spy,0.001,0.7,0.0400196818622884
z_Financial_Conditions_Index,-0.0,False,5,target_5d_forward_return_excess_spy,0.001,0.7,0.0400196818622884
z_VIX,-0.0,False,5,target_5d_forward_return_excess_spy,0.001,0.7,0.0400196818622884
z_rate_sensitivity_beta,-0.0,False,5,target_5d_forward_return_excess_spy,0.001,0.7,0.0400196818622884
ETF_XLC,0.0,False,5,target_5d_forward_return_excess_spy,0.001,0.7,0.0400196818622884
ETF_XLE,-0.0,False,5,target_5d_forward_return_excess_spy,0.001,0.7,0.0400196818622884
ETF_XLF,0.0,False,5,target_5d_forward_return_excess_spy,0.001,0.7,0.0400196818622884
ETF_XLI,0.0,False,5,target_5d_forward_return_excess_spy,0.001,0.7,0.0400196818622884
ETF_XLK,0.0,False,5,target_5d_forward_return_excess_spy,0.001,0.7,0.0400196818622884
ETF_XLP,-0.0,False,5,target_5d_forward_return_excess_spy,0.001,0.7,0.0400196818622884
ETF_XLRE,-0.0,False,5,target_5d_forward_return_excess_spy,0.001,0.7,0.0400196818622884
ETF_XLU,-0.0,False,5,target_5d_forward_return_excess_spy,0.001,0.7,0.0400196818622884
ETF_XLV,-0.0,False,5,target_5d_forward_return_excess_spy,0.001,0.7,0.0400196818622884
ETF_XLY,0.0,False,5,target_5d_forward_return_excess_spy,0.001,0.7,0.0400196818622884
