feature,gain_importance,split_id,target_column
z_return_5d,0.1865067735197954,1,target_5d_forward_return_raw
z_return_5d_rel_spy,0.03892669623019174,1,target_5d_forward_return_raw
z_return_5d_excess_rf,0.00552745012100786,1,target_5d_forward_return_raw
z_return_20d,0.24471359432209283,1,target_5d_forward_return_raw
z_return_20d_rel_spy,0.07274462404893711,1,target_5d_forward_return_raw
z_return_20d_excess_rf,0.004613730125129223,1,target_5d_forward_return_raw
z_return_60d_rel_spy,0.25729454815154895,1,target_5d_forward_return_raw
z_price_to_MA20,0.262016421998851,1,target_5d_forward_return_raw
z_price_to_MA50,0.4202625958714634,1,target_5d_forward_return_raw
z_MA20_minus_MA50,0.3614412912284024,1,target_5d_forward_return_raw
z_volatility_20d,0.45535414543701336,1,target_5d_forward_return_raw
z_max_drawdown_60d,0.22039056028006598,1,target_5d_forward_return_raw
z_ATR_14,0.48295146197779104,1,target_5d_forward_return_raw
z_volume_change,0.06468696019146591,1,target_5d_forward_return_raw
z_relative_volume,0.04412693082122132,1,target_5d_forward_return_raw
z_RSI_14,0.14022257790202275,1,target_5d_forward_return_raw
z_market_beta_60d,0.6361309856874868,1,target_5d_forward_return_raw
z_idio_vol_60d,0.1675560367293656,1,target_5d_forward_return_raw
z_Federal_Funds_Rate,2.50732746446738,1,target_5d_forward_return_raw
z_Treasury_10Y,2.595633464923594,1,target_5d_forward_return_raw
z_Yield_Spread_10Y2Y,1.431202516425401,1,target_5d_forward_return_raw
z_Breakeven_Inflation_10Y,2.1840956179075874,1,target_5d_forward_return_raw
z_CPI,1.19624321104493,1,target_5d_forward_return_raw
z_Unemployment_Rate,3.4363566832616925,1,target_5d_forward_return_raw
z_Financial_Conditions_Index,2.7384519118932076,1,target_5d_forward_return_raw
z_VIX,1.9408309683203697,1,target_5d_forward_return_raw
z_rate_sensitivity_beta,0.8925393750541843,1,target_5d_forward_return_raw
ETF,0.5849544918164611,1,target_5d_forward_return_raw
z_return_5d,1.0055042596068233,2,target_5d_forward_return_raw
z_return_5d_rel_spy,0.2443290795199573,2,target_5d_forward_return_raw
z_return_5d_excess_rf,0.08917100168764591,2,target_5d_forward_return_raw
z_return_20d,0.601654977304861,2,target_5d_forward_return_raw
z_return_20d_rel_spy,0.2455931082367897,2,target_5d_forward_return_raw
z_return_20d_excess_rf,0.03204183978959918,2,target_5d_forward_return_raw
z_return_60d_rel_spy,0.9337922972626984,2,target_5d_forward_return_raw
z_price_to_MA20,1.1630531440023333,2,target_5d_forward_return_raw
z_price_to_MA50,1.063354270067066,2,target_5d_forward_return_raw
z_MA20_minus_MA50,0.556613267865032,2,target_5d_forward_return_raw
z_volatility_20d,0.8885294396895915,2,target_5d_forward_return_raw
z_max_drawdown_60d,2.29865178395994,2,target_5d_forward_return_raw
z_ATR_14,1.3671254648361355,2,target_5d_forward_return_raw
z_volume_change,0.016339970054104924,2,target_5d_forward_return_raw
z_relative_volume,0.14125588000752032,2,target_5d_forward_return_raw
z_RSI_14,0.22148050949908793,2,target_5d_forward_return_raw
z_market_beta_60d,0.9642032794654369,2,target_5d_forward_return_raw
z_idio_vol_60d,2.378406008705497,2,target_5d_forward_return_raw
z_Federal_Funds_Rate,11.419972894946113,2,target_5d_forward_return_raw
z_Treasury_10Y,9.165745154838078,2,target_5d_forward_return_raw
z_Yield_Spread_10Y2Y,7.256270982790738,2,target_5d_forward_return_raw
z_Breakeven_Inflation_10Y,5.570505755254999,2,target_5d_forward_return_raw
z_CPI,6.548927036230452,2,target_5d_forward_return_raw
z_Unemployment_Rate,16.1613735165447,2,target_5d_forward_return_raw
z_Financial_Conditions_Index,16.85371754737571,2,target_5d_forward_return_raw
z_VIX,12.777157118776813,2,target_5d_forward_return_raw
z_rate_sensitivity_beta,2.1186201510718092,2,target_5d_forward_return_raw
ETF,0.8610383104532957,2,target_5d_forward_return_raw
z_return_5d,1.262954090256244,3,target_5d_forward_return_raw
z_return_5d_rel_spy,0.15008634142577648,3,target_5d_forward_return_raw
z_return_5d_excess_rf,0.032911390298977494,3,target_5d_forward_return_raw
z_return_20d,0.9537974423728883,3,target_5d_forward_return_raw
z_return_20d_rel_spy,0.3342997804284096,3,target_5d_forward_return_raw
z_return_20d_excess_rf,0.05140714067965746,3,target_5d_forward_return_raw
z_return_60d_rel_spy,1.0205324795097113,3,target_5d_forward_return_raw
z_price_to_MA20,0.995209563523531,3,target_5d_forward_return_raw
z_price_to_MA50,0.7144649077672511,3,target_5d_forward_return_raw
z_MA20_minus_MA50,1.0728812573943287,3,target_5d_forward_return_raw
z_volatility_20d,1.148236578097567,3,target_5d_forward_return_raw
z_max_drawdown_60d,2.66142716165632,3,target_5d_forward_return_raw
z_ATR_14,1.9634741183836013,3,target_5d_forward_return_raw
z_volume_change,0.00749131990596652,3,target_5d_forward_return_raw
z_relative_volume,0.3066245815716684,3,target_5d_forward_return_raw
z_RSI_14,0.3623256073333323,3,target_5d_forward_return_raw
z_market_beta_60d,1.7126170473638922,3,target_5d_forward_return_raw
z_idio_vol_60d,3.0943622337654233,3,target_5d_forward_return_raw
z_Federal_Funds_Rate,10.271880261600018,3,target_5d_forward_return_raw
z_Treasury_10Y,10.324695212533697,3,target_5d_forward_return_raw
z_Yield_Spread_10Y2Y,9.911101122852415,3,target_5d_forward_return_raw
z_Breakeven_Inflation_10Y,5.790589902549982,3,target_5d_forward_return_raw
z_CPI,13.468142227036878,3,target_5d_forward_return_raw
z_Unemployment_Rate,24.18331861309707,3,target_5d_forward_return_raw
z_Financial_Conditions_Index,15.760992476018146,3,target_5d_forward_return_raw
z_VIX,13.2903990841005,3,target_5d_forward_return_raw
z_rate_sensitivity_beta,1.9384050632361323,3,target_5d_forward_return_raw
ETF,0.785652554128319,3,target_5d_forward_return_raw
z_return_5d,1.084265595767647,4,target_5d_forward_return_raw
z_return_5d_rel_spy,0.1873147590085864,4,target_5d_forward_return_raw
z_return_5d_excess_rf,0.018267599865794182,4,target_5d_forward_return_raw
z_return_20d,0.852570888120681,4,target_5d_forward_return_raw
z_return_20d_rel_spy,0.2853454374708235,4,target_5d_forward_return_raw
z_return_20d_excess_rf,0.06909880042076111,4,target_5d_forward_return_raw
z_return_60d_rel_spy,1.6664774143137038,4,target_5d_forward_return_raw
z_price_to_MA20,0.7253349609673023,4,target_5d_forward_return_raw
z_price_to_MA50,0.8886955296620727,4,target_5d_forward_return_raw
z_MA20_minus_MA50,1.4806354604661465,4,target_5d_forward_return_raw
z_volatility_20d,1.3525825757533312,4,target_5d_forward_return_raw
z_max_drawdown_60d,2.8025620356202126,4,target_5d_forward_return_raw
z_ATR_14,1.5638949472922832,4,target_5d_forward_return_raw
z_volume_change,0.07069548033177853,4,target_5d_forward_return_raw
z_relative_volume,0.2932481407187879,4,target_5d_forward_return_raw
z_RSI_14,0.5676626791246235,4,target_5d_forward_return_raw
z_market_beta_60d,1.9892776729539037,4,target_5d_forward_return_raw
z_idio_vol_60d,3.0808647675439715,4,target_5d_forward_return_raw
z_Federal_Funds_Rate,13.424654964823276,4,target_5d_forward_return_raw
z_Treasury_10Y,11.685386847238988,4,target_5d_forward_return_raw
z_Yield_Spread_10Y2Y,10.995598370209336,4,target_5d_forward_return_raw
z_Breakeven_Inflation_10Y,11.258976500947028,4,target_5d_forward_return_raw
z_CPI,13.486696999985725,4,target_5d_forward_return_raw
z_Unemployment_Rate,29.20212960173376,4,target_5d_forward_return_raw
z_Financial_Conditions_Index,13.176256170030683,4,target_5d_forward_return_raw
z_VIX,10.208407913334668,4,target_5d_forward_return_raw
z_rate_sensitivity_beta,1.9576521832495928,4,target_5d_forward_return_raw
ETF,0.8006221177056432,4,target_5d_forward_return_raw
z_return_5d,1.0032868832349777,5,target_5d_forward_return_raw
z_return_5d_rel_spy,0.13961521070450544,5,target_5d_forward_return_raw
z_return_5d_excess_rf,0.05244516022503376,5,target_5d_forward_return_raw
z_return_20d,0.8330640573985875,5,target_5d_forward_return_raw
z_return_20d_rel_spy,0.30637068301439285,5,target_5d_forward_return_raw
z_return_20d_excess_rf,0.018096599727869034,5,target_5d_forward_return_raw
z_return_60d_rel_spy,1.4026669547893107,5,target_5d_forward_return_raw
z_price_to_MA20,1.2006349074654281,5,target_5d_forward_return_raw
z_price_to_MA50,0.8872418743558228,5,target_5d_forward_return_raw
z_MA20_minus_MA50,1.3487046519294381,5,target_5d_forward_return_raw
z_volatility_20d,1.4851058679632843,5,target_5d_forward_return_raw
z_max_drawdown_60d,3.59085006499663,5,target_5d_forward_return_raw
z_ATR_14,1.600831985939294,5,target_5d_forward_return_raw
z_volume_change,0.05697325058281422,5,target_5d_forward_return_raw
z_relative_volume,0.4106062790378928,5,target_5d_forward_return_raw
z_RSI_14,0.7520952606573701,5,target_5d_forward_return_raw
z_market_beta_60d,1.467342910822481,5,target_5d_forward_return_raw
z_idio_vol_60d,2.8760403390042484,5,target_5d_forward_return_raw
z_Federal_Funds_Rate,13.941428792662919,5,target_5d_forward_return_raw
z_Treasury_10Y,14.428725394885987,5,target_5d_forward_return_raw
z_Yield_Spread_10Y2Y,10.90115410508588,5,target_5d_forward_return_raw
z_Breakeven_Inflation_10Y,10.427842576056719,5,target_5d_forward_return_raw
z_CPI,13.093063585460186,5,target_5d_forward_return_raw
z_Unemployment_Rate,23.592736601363868,5,target_5d_forward_return_raw
z_Financial_Conditions_Index,17.307449968531728,5,target_5d_forward_return_raw
z_VIX,12.81006235210225,5,target_5d_forward_return_raw
z_rate_sensitivity_beta,1.657541730441153,5,target_5d_forward_return_raw
ETF,0.8016200987622142,5,target_5d_forward_return_raw
z_return_5d,0.16498674440663308,1,target_5d_forward_return_excess_spy
z_return_5d_rel_spy,0.028954351815627888,1,target_5d_forward_return_excess_spy
z_return_5d_excess_rf,0.003314394038170576,1,target_5d_forward_return_excess_spy
z_return_20d,0.15808992707752623,1,target_5d_forward_return_excess_spy
z_return_20d_rel_spy,0.04152036615414545,1,target_5d_forward_return_excess_spy
z_return_20d_excess_rf,0.0,1,target_5d_forward_return_excess_spy
z_return_60d_rel_spy,0.1954013061185833,1,target_5d_forward_return_excess_spy
z_price_to_MA20,0.20806739514227957,1,target_5d_forward_return_excess_spy
z_price_to_MA50,0.4329923849145416,1,target_5d_forward_return_excess_spy
z_MA20_minus_MA50,0.4008678100362886,1,target_5d_forward_return_excess_spy
z_volatility_20d,0.33673066430492327,1,target_5d_forward_return_excess_spy
z_max_drawdown_60d,0.2563291455153376,1,target_5d_forward_return_excess_spy
z_ATR_14,0.5829552731011063,1,target_5d_forward_return_excess_spy
z_volume_change,0.06300407784874551,1,target_5d_forward_return_excess_spy
z_relative_volume,0.08621970695094205,1,target_5d_forward_return_excess_spy
z_RSI_14,0.2029993672913406,1,target_5d_forward_return_excess_spy
z_market_beta_60d,0.36166829339344986,1,target_5d_forward_return_excess_spy
z_idio_vol_60d,0.2778886791493278,1,target_5d_forward_return_excess_spy
z_Federal_Funds_Rate,0.4385106933186762,1,target_5d_forward_return_excess_spy
z_Treasury_10Y,0.6644691304536536,1,target_5d_forward_return_excess_spy
z_Yield_Spread_10Y2Y,0.33742287234053947,1,target_5d_forward_return_excess_spy
z_Breakeven_Inflation_10Y,0.27374844133737497,1,target_5d_forward_return_excess_spy
z_CPI,0.3566784767608624,1,target_5d_forward_return_excess_spy
z_Unemployment_Rate,0.5966292885714211,1,target_5d_forward_return_excess_spy
z_Financial_Conditions_Index,0.36985552715486847,1,target_5d_forward_return_excess_spy
z_VIX,0.34255587906227447,1,target_5d_forward_return_excess_spy
z_rate_sensitivity_beta,0.4829700825503096,1,target_5d_forward_return_excess_spy
ETF,0.49457417358644307,1,target_5d_forward_return_excess_spy
z_return_5d,0.5862280986038968,2,target_5d_forward_return_excess_spy
z_return_5d_rel_spy,0.06928635924123228,2,target_5d_forward_return_excess_spy
z_return_5d_excess_rf,0.03287387941963971,2,target_5d_forward_return_excess_spy
z_return_20d,0.5656829884974286,2,target_5d_forward_return_excess_spy
z_return_20d_rel_spy,0.12005746038630605,2,target_5d_forward_return_excess_spy
z_return_20d_excess_rf,0.032367940060794353,2,target_5d_forward_return_excess_spy
z_return_60d_rel_spy,0.9526742411544546,2,target_5d_forward_return_excess_spy
z_price_to_MA20,0.7573579293675721,2,target_5d_forward_return_excess_spy
z_price_to_MA50,0.9519974567228928,2,target_5d_forward_return_excess_spy
z_MA20_minus_MA50,0.9319256094750017,2,target_5d_forward_return_excess_spy
z_volatility_20d,0.7042139475233853,2,target_5d_forward_return_excess_spy
z_max_drawdown_60d,2.0055667059496045,2,target_5d_forward_return_excess_spy
z_ATR_14,1.5446711528347805,2,target_5d_forward_return_excess_spy
z_volume_change,0.04899793001823127,2,target_5d_forward_return_excess_spy
z_relative_volume,0.11752516962587833,2,target_5d_forward_return_excess_spy
z_RSI_14,0.38982263789512217,2,target_5d_forward_return_excess_spy
z_market_beta_60d,1.1273991606431082,2,target_5d_forward_return_excess_spy
z_idio_vol_60d,1.971984079806134,2,target_5d_forward_return_excess_spy
z_Federal_Funds_Rate,0.8044520517578349,2,target_5d_forward_return_excess_spy
z_Treasury_10Y,0.8455126921180636,2,target_5d_forward_return_excess_spy
z_Yield_Spread_10Y2Y,1.283426602196414,2,target_5d_forward_return_excess_spy
z_Breakeven_Inflation_10Y,0.635990469250828,2,target_5d_forward_return_excess_spy
z_CPI,0.8362836024025455,2,target_5d_forward_return_excess_spy
z_Unemployment_Rate,1.473094109329395,2,target_5d_forward_return_excess_spy
z_Financial_Conditions_Index,1.4650686783716083,2,target_5d_forward_return_excess_spy
z_VIX,1.1248095710761845,2,target_5d_forward_return_excess_spy
z_rate_sensitivity_beta,1.4421204109676182,2,target_5d_forward_return_excess_spy
ETF,0.8619988620048389,2,target_5d_forward_return_excess_spy
z_return_5d,0.6768125696107745,3,target_5d_forward_return_excess_spy
z_return_5d_rel_spy,0.09925849933642894,3,target_5d_forward_return_excess_spy
z_return_5d_excess_rf,0.02494265034329146,3,target_5d_forward_return_excess_spy
z_return_20d,0.796636660117656,3,target_5d_forward_return_excess_spy
z_return_20d_rel_spy,0.19272551964968443,3,target_5d_forward_return_excess_spy
z_return_20d_excess_rf,0.03285447950474918,3,target_5d_forward_return_excess_spy
z_return_60d_rel_spy,1.7352685693185776,3,target_5d_forward_return_excess_spy
z_price_to_MA20,0.8297031096881256,3,target_5d_forward_return_excess_spy
z_price_to_MA50,0.8409344422398135,3,target_5d_forward_return_excess_spy
z_MA20_minus_MA50,1.2603011776227504,3,target_5d_forward_return_excess_spy
z_volatility_20d,1.0333710525883362,3,target_5d_forward_return_excess_spy
z_max_drawdown_60d,2.1064977115020156,3,target_5d_forward_return_excess_spy
z_ATR_14,1.9257790596457198,3,target_5d_forward_return_excess_spy
z_volume_change,0.04177725990302861,3,target_5d_forward_return_excess_spy
z_relative_volume,0.31593111949041486,3,target_5d_forward_return_excess_spy
z_RSI_14,0.528743238770403,3,target_5d_forward_return_excess_spy
z_market_beta_60d,1.6124373003840446,3,target_5d_forward_return_excess_spy
z_idio_vol_60d,2.5835180586436763,3,target_5d_forward_return_excess_spy
z_Federal_Funds_Rate,1.2602916586911306,3,target_5d_forward_return_excess_spy
z_Treasury_10Y,0.9490891421446577,3,target_5d_forward_return_excess_spy
z_Yield_Spread_10Y2Y,1.274780957843177,3,target_5d_forward_return_excess_spy
z_Breakeven_Inflation_10Y,0.970705438638106,3,target_5d_forward_return_excess_spy
z_CPI,1.056002750643529,3,target_5d_forward_return_excess_spy
z_Unemployment_Rate,1.6887607716489583,3,target_5d_forward_return_excess_spy
z_Financial_Conditions_Index,2.760638231993653,3,target_5d_forward_return_excess_spy
z_VIX,2.0510794782312587,3,target_5d_forward_return_excess_spy
z_rate_sensitivity_beta,1.4605692079057917,3,target_5d_forward_return_excess_spy
ETF,0.8801925480365753,3,target_5d_forward_return_excess_spy
z_return_5d,0.7204187696333975,4,target_5d_forward_return_excess_spy
z_return_5d_rel_spy,0.15446029882878065,4,target_5d_forward_return_excess_spy
z_return_5d_excess_rf,0.017748000100255013,4,target_5d_forward_return_excess_spy
z_return_20d,0.7918952067848295,4,target_5d_forward_return_excess_spy
z_return_20d_rel_spy,0.1852416703477502,4,target_5d_forward_return_excess_spy
z_return_20d_excess_rf,0.057584259659051895,4,target_5d_forward_return_excess_spy
z_return_60d_rel_spy,1.6589755220338702,4,target_5d_forward_return_excess_spy
z_price_to_MA20,0.9792071500560269,4,target_5d_forward_return_excess_spy
z_price_to_MA50,0.9736491732764989,4,target_5d_forward_return_excess_spy
z_MA20_minus_MA50,1.6484918459318578,4,target_5d_forward_return_excess_spy
z_volatility_20d,0.8872594997519627,4,target_5d_forward_return_excess_spy
z_max_drawdown_60d,2.6220493434229866,4,target_5d_forward_return_excess_spy
z_ATR_14,2.1756120353238657,4,target_5d_forward_return_excess_spy
z_volume_change,0.1130059597780928,4,target_5d_forward_return_excess_spy
z_relative_volume,0.33643879124429077,4,target_5d_forward_return_excess_spy
z_RSI_14,0.7334187526721507,4,target_5d_forward_return_excess_spy
z_market_beta_60d,2.211536811781116,4,target_5d_forward_return_excess_spy
z_idio_vol_60d,2.443044415093027,4,target_5d_forward_return_excess_spy
z_Federal_Funds_Rate,1.3583066546125337,4,target_5d_forward_return_excess_spy
z_Treasury_10Y,0.9224240480689332,4,target_5d_forward_return_excess_spy
z_Yield_Spread_10Y2Y,1.25954892183654,4,target_5d_forward_return_excess_spy
z_Breakeven_Inflation_10Y,1.1683511474402621,4,target_5d_forward_return_excess_spy
z_CPI,1.491032711113803,4,target_5d_forward_return_excess_spy
z_Unemployment_Rate,1.6034114989452064,4,target_5d_forward_return_excess_spy
z_Financial_Conditions_Index,2.726030152756721,4,target_5d_forward_return_excess_spy
z_VIX,2.2359708267031237,4,target_5d_forward_return_excess_spy
z_rate_sensitivity_beta,1.4983187027974054,4,target_5d_forward_return_excess_spy
ETF,0.9995284250471741,4,target_5d_forward_return_excess_spy
z_return_5d,0.7680964097380638,5,target_5d_forward_return_excess_spy
z_return_5d_rel_spy,0.20121576986275613,5,target_5d_forward_return_excess_spy
z_return_5d_excess_rf,0.03762782015837729,5,target_5d_forward_return_excess_spy
z_return_20d,0.8757399918977171,5,target_5d_forward_return_excess_spy
z_return_20d_rel_spy,0.24295469257049263,5,target_5d_forward_return_excess_spy
z_return_20d_excess_rf,0.02861877018585801,5,target_5d_forward_return_excess_spy
z_return_60d_rel_spy,1.6523164589889348,5,target_5d_forward_return_excess_spy
z_price_to_MA20,1.066251094918698,5,target_5d_forward_return_excess_spy
z_price_to_MA50,1.172822881839238,5,target_5d_forward_return_excess_spy
z_MA20_minus_MA50,1.589151072781533,5,target_5d_forward_return_excess_spy
z_volatility_20d,1.2849615346640348,5,target_5d_forward_return_excess_spy
z_max_drawdown_60d,2.7807793421670794,5,target_5d_forward_return_excess_spy
z_ATR_14,1.9597401800565422,5,target_5d_forward_return_excess_spy
z_volume_change,0.1350653194822371,5,target_5d_forward_return_excess_spy
z_relative_volume,0.35105065011885017,5,target_5d_forward_return_excess_spy
z_RSI_14,0.7070787085685879,5,target_5d_forward_return_excess_spy
z_market_beta_60d,1.926712018204853,5,target_5d_forward_return_excess_spy
z_idio_vol_60d,2.7330325332004577,5,target_5d_forward_return_excess_spy
z_Federal_Funds_Rate,1.2945790191879496,5,target_5d_forward_return_excess_spy
z_Treasury_10Y,0.7809304411057383,5,target_5d_forward_return_excess_spy
z_Yield_Spread_10Y2Y,1.2293860206846148,5,target_5d_forward_return_excess_spy
z_Breakeven_Inflation_10Y,1.1286277866456658,5,target_5d_forward_return_excess_spy
z_CPI,1.8350984171265736,5,target_5d_forward_return_excess_spy
z_Unemployment_Rate,1.9317735573276877,5,target_5d_forward_return_excess_spy
z_Financial_Conditions_Index,2.5404296225169674,5,target_5d_forward_return_excess_spy
z_VIX,2.39939104905352,5,target_5d_forward_return_excess_spy
z_rate_sensitivity_beta,1.4948441736632958,5,target_5d_forward_return_excess_spy
ETF,1.2159782818052918,5,target_5d_forward_return_excess_spy
