Date,Federal_Funds_Rate,Treasury_10Y,Yield_Spread_10Y2Y,CPI,Unemployment_Rate
2018-06-01,1.82,2.89,0.42,251.018,4.0
2018-06-04,,2.94,0.42,,
2018-06-05,,2.92,0.43,,
2018-06-06,,2.97,0.45,,
2018-06-07,,2.93,0.43,,
2018-06-08,,2.93,0.43,,
2018-06-11,,2.96,0.44,,
2018-06-12,,2.96,0.42,,
2018-06-13,,2.98,0.39,,
2018-06-14,,2.94,0.35,,
2018-06-15,,2.93,0.38,,
2018-06-18,,2.92,0.36,,
2018-06-19,,2.89,0.35,,
2018-06-20,,2.93,0.37,,
2018-06-21,,2.9,0.34,,
2018-06-22,,2.9,0.34,,
2018-06-25,,2.87,0.33,,
2018-06-26,,2.88,0.35,,
2018-06-27,,2.83,0.31,,
2018-06-28,,2.84,0.32,,
2018-06-29,,2.85,0.33,,
2018-07-01,1.91,,,251.214,3.8
2018-07-02,,2.87,0.3,,
2018-07-03,,2.83,0.3,,
2018-07-04,,,,,
2018-07-05,,2.84,0.29,,
2018-07-06,,2.82,0.29,,
2018-07-09,,2.86,0.29,,
2018-07-10,,2.87,0.28,,
2018-07-11,,2.85,0.27,,
2018-07-12,,2.85,0.25,,
2018-07-13,,2.83,0.24,,
2018-07-16,,2.85,0.26,,
2018-07-17,,2.86,0.24,,
2018-07-18,,2.88,0.28,,
2018-07-19,,2.84,0.24,,
2018-07-20,,2.89,0.29,,
2018-07-23,,2.96,0.32,,
2018-07-24,,2.95,0.32,,
2018-07-25,,2.94,0.28,,
2018-07-26,,2.98,0.29,,
2018-07-27,,2.96,0.29,,
2018-07-30,,2.98,0.32,,
2018-07-31,,2.96,0.29,,
2018-08-01,1.91,3.0,0.33,251.663,3.8
2018-08-02,,2.98,0.32,,
2018-08-03,,2.95,0.32,,
2018-08-06,,2.94,0.3,,
2018-08-07,,2.98,0.3,,
2018-08-08,,2.96,0.28,,
2018-08-09,,2.93,0.29,,
2018-08-10,,2.87,0.26,,
2018-08-13,,2.88,0.27,,
2018-08-14,,2.89,0.26,,
2018-08-15,,2.86,0.25,,
2018-08-16,,2.87,0.24,,
2018-08-17,,2.87,0.26,,
2018-08-20,,2.82,0.22,,
2018-08-21,,2.85,0.24,,
2018-08-22,,2.82,0.22,,
2018-08-23,,2.82,0.21,,
2018-08-24,,2.82,0.19,,
2018-08-27,,2.85,0.18,,
2018-08-28,,2.88,0.21,,
2018-08-29,,2.89,0.22,,
2018-08-30,,2.86,0.22,,
2018-08-31,,2.86,0.24,,
2018-09-01,1.95,,,252.182,3.7
2018-09-03,,,,,
2018-09-04,,2.9,0.24,,
2018-09-05,,2.9,0.24,,
2018-09-06,,2.88,0.24,,
2018-09-07,,2.94,0.23,,
2018-09-10,,2.94,0.21,,
2018-09-11,,2.98,0.22,,
2018-09-12,,2.97,0.23,,
2018-09-13,,2.97,0.21,,
2018-09-14,,2.99,0.21,,
2018-09-17,,2.99,0.21,,
2018-09-18,,3.05,0.24,,
2018-09-19,,3.08,0.27,,
2018-09-20,,3.07,0.26,,
2018-09-21,,3.07,0.26,,
2018-09-24,,3.08,0.25,,
2018-09-25,,3.1,0.27,,
2018-09-26,,3.06,0.23,,
2018-09-27,,3.06,0.23,,
2018-09-28,,3.05,0.24,,
2018-10-01,2.19,3.09,0.27,252.772,3.8
2018-10-02,,3.05,0.23,,
2018-10-03,,3.15,0.3,,
2018-10-04,,3.19,0.32,,
2018-10-05,,3.23,0.35,,
2018-10-08,,,,,
2018-10-09,,3.21,0.33,,
2018-10-10,,3.22,0.34,,
2018-10-11,,3.14,0.29,,
2018-10-12,,3.15,0.3,,
2018-10-15,,3.16,0.31,,
2018-10-16,,3.16,0.29,,
2018-10-17,,3.19,0.3,,
2018-10-18,,3.17,0.3,,
2018-10-19,,3.2,0.28,,
2018-10-22,,3.2,0.28,,
2018-10-23,,3.17,0.28,,
2018-10-24,,3.1,0.26,,
2018-10-25,,3.14,0.28,,
2018-10-26,,3.08,0.27,,
2018-10-29,,3.08,0.27,,
2018-10-30,,3.12,0.28,,
2018-10-31,,3.15,0.28,,
2018-11-01,2.2,3.14,0.3,252.594,3.8
2018-11-02,,3.22,0.31,,
2018-11-05,,3.2,0.29,,
2018-11-06,,3.22,0.29,,
2018-11-07,,3.22,0.26,,
2018-11-08,,3.24,0.26,,
2018-11-09,,3.19,0.25,,
2018-11-12,,,,,
2018-11-13,,3.14,0.25,,
2018-11-14,,3.12,0.26,,
2018-11-15,,3.11,0.25,,
2018-11-16,,3.08,0.27,,
2018-11-19,,3.06,0.27,,
2018-11-20,,3.06,0.27,,
2018-11-21,,3.06,0.25,,
2018-11-22,,,,,
2018-11-23,,3.05,0.24,,
2018-11-26,,3.07,0.23,,
2018-11-27,,3.06,0.23,,
2018-11-28,,3.06,0.25,,
2018-11-29,,3.03,0.22,,
2018-11-30,,3.01,0.21,,
2018-12-01,2.27,,,252.767,3.9
2018-12-03,,2.98,0.15,,
2018-12-04,,2.91,0.11,,
2018-12-05,,,,,
2018-12-06,,2.87,0.12,,
2018-12-07,,2.85,0.13,,
2018-12-10,,2.85,0.13,,
2018-12-11,,2.89,0.11,,
2018-12-12,,2.91,0.14,,
2018-12-13,,2.91,0.16,,
2018-12-14,,2.89,0.16,,
2018-12-17,,2.86,0.16,,
2018-12-18,,2.82,0.17,,
2018-12-19,,2.77,0.14,,
2018-12-20,,2.79,0.12,,
2018-12-21,,2.79,0.16,,
2018-12-24,,2.74,0.19,,
2018-12-25,,,,,
2018-12-26,,2.81,0.2,,
2018-12-27,,2.77,0.21,,
2018-12-28,,2.72,0.2,,
2018-12-31,,2.69,0.21,,
2019-01-01,2.4,,,252.561,4.0
2019-01-02,,2.66,0.16,,
2019-01-03,,2.56,0.17,,
2019-01-04,,2.67,0.17,,
2019-01-07,,2.7,0.17,,
2019-01-08,,2.73,0.15,,
2019-01-09,,2.74,0.18,,
2019-01-10,,2.74,0.18,,
2019-01-11,,2.71,0.16,,
2019-01-14,,2.71,0.18,,
2019-01-15,,2.72,0.19,,
2019-01-16,,2.73,0.18,,
2019-01-17,,2.75,0.19,,
2019-01-18,,2.79,0.17,,
2019-01-21,,,,,
2019-01-22,,2.74,0.16,,
2019-01-23,,2.76,0.18,,
2019-01-24,,2.72,0.16,,
2019-01-25,,2.76,0.16,,
2019-01-28,,2.75,0.15,,
2019-01-29,,2.72,0.16,,
2019-01-30,,2.7,0.18,,
2019-01-31,,2.63,0.18,,
2019-02-01,2.4,2.7,0.18,253.319,3.8
2019-02-04,,2.73,0.2,,
2019-02-05,,2.71,0.18,,
2019-02-06,,2.7,0.18,,
2019-02-07,,2.65,0.17,,
2019-02-08,,2.63,0.18,,
2019-02-11,,2.65,0.17,,
2019-02-12,,2.68,0.18,,
2019-02-13,,2.71,0.18,,
2019-02-14,,2.66,0.16,,
2019-02-15,,2.66,0.14,,
2019-02-18,,,,,
2019-02-19,,2.65,0.15,,
2019-02-20,,2.65,0.15,,
2019-02-21,,2.69,0.16,,
2019-02-22,,2.65,0.17,,
2019-02-25,,2.67,0.16,,
2019-02-26,,2.64,0.16,,
2019-02-27,,2.69,0.19,,
2019-02-28,,2.73,0.21,,
2019-03-01,2.41,2.76,0.21,254.277,3.8
2019-03-04,,2.72,0.17,,
2019-03-05,,2.72,0.17,,
2019-03-06,,2.69,0.17,,
2019-03-07,,2.64,0.17,,
2019-03-08,,2.62,0.17,,
2019-03-11,,2.64,0.17,,
2019-03-12,,2.61,0.16,,
2019-03-13,,2.61,0.16,,
2019-03-14,,2.63,0.17,,
2019-03-15,,2.59,0.16,,
2019-03-18,,2.6,0.15,,
2019-03-19,,2.61,0.15,,
2019-03-20,,2.54,0.14,,
2019-03-21,,2.54,0.13,,
2019-03-22,,2.44,0.13,,
2019-03-25,,2.43,0.17,,
2019-03-26,,2.41,0.17,,
2019-03-27,,2.39,0.17,,
2019-03-28,,2.39,0.16,,
2019-03-29,,2.41,0.14,,
2019-04-01,2.42,2.49,0.16,255.233,3.7
2019-04-02,,2.48,0.18,,
2019-04-03,,2.52,0.19,,
2019-04-04,,2.51,0.18,,
2019-04-05,,2.5,0.15,,
2019-04-08,,2.52,0.16,,
2019-04-09,,2.51,0.16,,
2019-04-10,,2.48,0.17,,
2019-04-11,,2.51,0.16,,
2019-04-12,,2.56,0.16,,
2019-04-15,,2.55,0.15,,
2019-04-16,,2.6,0.19,,
2019-04-17,,2.59,0.19,,
2019-04-18,,2.57,0.19,,
2019-04-19,,,,,
2019-04-22,,2.59,0.21,,
2019-04-23,,2.57,0.21,,
2019-04-24,,2.53,0.21,,
2019-04-25,,2.54,0.21,,
2019-04-26,,2.51,0.23,,
2019-04-29,,2.54,0.24,,
2019-04-30,,2.51,0.24,,
2019-05-01,2.39,2.52,0.21,255.296,3.6
2019-05-02,,2.55,0.2,,
2019-05-03,,2.54,0.21,,
2019-05-06,,2.51,0.2,,
2019-05-07,,2.45,0.17,,
2019-05-08,,2.49,0.19,,
2019-05-09,,2.45,0.19,,
2019-05-10,,2.47,0.21,,
2019-05-13,,2.4,0.22,,
2019-05-14,,2.42,0.22,,
2019-05-15,,2.37,0.21,,
2019-05-16,,2.4,0.2,,
2019-05-17,,2.39,0.19,,
2019-05-20,,2.41,0.2,,
2019-05-21,,2.43,0.17,,
2019-05-22,,2.39,0.16,,
2019-05-23,,2.31,0.19,,
2019-05-24,,2.32,0.16,,
2019-05-27,,,,,
2019-05-28,,2.26,0.14,,
2019-05-29,,2.25,0.16,,
2019-05-30,,2.22,0.16,,
2019-05-31,,2.14,0.19,,
2019-06-01,2.38,,,255.213,3.6
2019-06-03,,2.07,0.25,,
2019-06-04,,2.12,0.24,,
2019-06-05,,2.12,0.29,,
2019-06-06,,2.12,0.24,,
2019-06-07,,2.09,0.24,,
2019-06-10,,2.15,0.25,,
2019-06-11,,2.15,0.22,,
2019-06-12,,2.13,0.25,,
2019-06-13,,2.1,0.27,,
2019-06-14,,2.09,0.25,,
2019-06-17,,2.09,0.23,,
2019-06-18,,2.06,0.2,,
2019-06-19,,2.03,0.29,,
2019-06-20,,2.01,0.29,,
2019-06-21,,2.07,0.3,,
2019-06-24,,2.02,0.3,,
2019-06-25,,2.0,0.29,,
2019-06-26,,2.05,0.28,,
2019-06-27,,2.01,0.27,,
2019-06-28,,2.0,0.25,,
2019-07-01,2.4,2.03,0.25,255.802,3.7
2019-07-02,,1.98,0.21,,
2019-07-03,,1.96,0.19,,
2019-07-04,,,,,
2019-07-05,,2.04,0.17,,
2019-07-08,,2.05,0.17,,
2019-07-09,,2.07,0.15,,
2019-07-10,,2.07,0.25,,
2019-07-11,,2.13,0.28,,
2019-07-12,,2.12,0.28,,
2019-07-15,,2.09,0.26,,
2019-07-16,,2.13,0.26,,
2019-07-17,,2.06,0.23,,
2019-07-18,,2.04,0.27,,
2019-07-19,,2.05,0.25,,
2019-07-22,,2.05,0.25,,
2019-07-23,,2.08,0.25,,
2019-07-24,,2.05,0.22,,
2019-07-25,,2.08,0.22,,
2019-07-26,,2.08,0.22,,
2019-07-29,,2.06,0.21,,
2019-07-30,,2.06,0.21,,
2019-07-31,,2.02,0.13,,
2019-08-01,2.13,1.9,0.17,256.036,3.6
2019-08-02,,1.86,0.14,,
2019-08-05,,1.75,0.16,,
2019-08-06,,1.73,0.13,,
2019-08-07,,1.71,0.12,,
2019-08-08,,1.72,0.1,,
2019-08-09,,1.74,0.11,,
2019-08-12,,1.65,0.07,,
2019-08-13,,1.68,0.02,,
2019-08-14,,1.59,0.01,,
2019-08-15,,1.52,0.04,,
2019-08-16,,1.55,0.07,,
2019-08-19,,1.6,0.07,,
2019-08-20,,1.55,0.05,,
2019-08-21,,1.59,0.03,,
2019-08-22,,1.62,0.01,,
2019-08-23,,1.52,0.01,,
2019-08-26,,1.54,0.0,,
2019-08-27,,1.49,-0.04,,
2019-08-28,,1.47,-0.03,,
2019-08-29,,1.5,-0.03,,
2019-08-30,,1.5,0.0,,
2019-09-01,2.04,,,256.43,3.5
2019-09-02,,,,,
2019-09-03,,1.47,0.0,,
2019-09-04,,1.47,0.04,,
2019-09-05,,1.57,0.02,,
2019-09-06,,1.55,0.02,,
2019-09-09,,1.63,0.05,,
2019-09-10,,1.72,0.05,,
2019-09-11,,1.75,0.07,,
2019-09-12,,1.79,0.07,,
2019-09-13,,1.9,0.11,,
2019-09-16,,1.84,0.1,,
2019-09-17,,1.81,0.09,,
2019-09-18,,1.8,0.03,,
2019-09-19,,1.79,0.05,,
2019-09-20,,1.74,0.05,,
2019-09-23,,1.72,0.04,,
2019-09-24,,1.64,0.04,,
2019-09-25,,1.73,0.05,,
2019-09-26,,1.7,0.04,,
2019-09-27,,1.69,0.06,,
2019-09-30,,1.68,0.05,,
2019-10-01,1.83,1.65,0.09,257.155,3.6
2019-10-02,,1.6,0.12,,
2019-10-03,,1.54,0.15,,
2019-10-04,,1.52,0.12,,
2019-10-07,,1.56,0.1,,
2019-10-08,,1.54,0.12,,
2019-10-09,,1.59,0.12,,
2019-10-10,,1.67,0.14,,
2019-10-11,,1.76,0.13,,
2019-10-14,,,,,
2019-10-15,,1.77,0.16,,
2019-10-16,,1.75,0.17,,
2019-10-17,,1.76,0.16,,
2019-10-18,,1.76,0.18,,
2019-10-21,,1.8,0.18,,
2019-10-22,,1.78,0.18,,
2019-10-23,,1.77,0.19,,
2019-10-24,,1.77,0.19,,
2019-10-25,,1.8,0.17,,
2019-10-28,,1.85,0.21,,
2019-10-29,,1.84,0.2,,
2019-10-30,,1.78,0.17,,
2019-10-31,,1.69,0.17,,
2019-11-01,1.55,1.73,0.17,257.879,3.6
2019-11-04,,1.79,0.19,,
2019-11-05,,1.86,0.23,,
2019-11-06,,1.81,0.2,,
2019-11-07,,1.92,0.24,,
2019-11-08,,1.94,0.26,,
2019-11-11,,,,,
2019-11-12,,1.92,0.26,,
2019-11-13,,1.88,0.25,,
2019-11-14,,1.82,0.24,,
2019-11-15,,1.84,0.23,,
2019-11-18,,1.81,0.21,,
2019-11-19,,1.79,0.19,,
2019-11-20,,1.73,0.17,,
2019-11-21,,1.77,0.17,,
2019-11-22,,1.77,0.16,,
2019-11-25,,1.76,0.15,,
2019-11-26,,1.74,0.16,,
2019-11-27,,1.77,0.14,,
2019-11-28,,,,,
2019-11-29,,1.78,0.17,,
2019-12-01,1.55,,,258.63,3.6
2019-12-02,,1.83,0.22,,
2019-12-03,,1.72,0.19,,
2019-12-04,,1.77,0.19,,
2019-12-05,,1.8,0.22,,
2019-12-06,,1.84,0.23,,
2019-12-09,,1.83,0.2,,
2019-12-10,,1.85,0.2,,
2019-12-11,,1.79,0.18,,
2019-12-12,,1.9,0.24,,
2019-12-13,,1.82,0.21,,
2019-12-16,,1.89,0.24,,
2019-12-17,,1.89,0.26,,
2019-12-18,,1.92,0.29,,
2019-12-19,,1.92,0.3,,
2019-12-20,,1.92,0.29,,
2019-12-23,,1.93,0.29,,
2019-12-24,,1.9,0.28,,
2019-12-25,,,,,
2019-12-26,,1.9,0.26,,
2019-12-27,,1.88,0.29,,
2019-12-30,,1.9,0.32,,
2019-12-31,,1.92,0.34,,
2020-01-01,1.55,,,259.127,3.6
2020-01-02,,1.88,0.3,,
2020-01-03,,1.8,0.27,,
2020-01-06,,1.81,0.27,,
2020-01-07,,1.83,0.29,,
2020-01-08,,1.87,0.29,,
2020-01-09,,1.85,0.27,,
2020-01-10,,1.83,0.27,,
2020-01-13,,1.85,0.27,,
2020-01-14,,1.82,0.24,,
2020-01-15,,1.79,0.23,,
2020-01-16,,1.81,0.23,,
2020-01-17,,1.84,0.26,,
2020-01-20,,,,,
2020-01-21,,1.78,0.25,,
2020-01-22,,1.77,0.24,,
2020-01-23,,1.74,0.23,,
2020-01-24,,1.7,0.21,,
2020-01-27,,1.61,0.17,,
2020-01-28,,1.65,0.2,,
2020-01-29,,1.6,0.18,,
2020-01-30,,1.57,0.16,,
2020-01-31,,1.51,0.18,,
2020-02-01,1.58,,,259.25,3.5
2020-02-03,,1.54,0.18,,
2020-02-04,,1.61,0.2,,
2020-02-05,,1.66,0.22,,
2020-02-06,,1.65,0.21,,
2020-02-07,,1.59,0.18,,
2020-02-10,,1.56,0.19,,
2020-02-11,,1.59,0.18,,
2020-02-12,,1.62,0.18,,
2020-02-13,,1.61,0.17,,
2020-02-14,,1.59,0.17,,
2020-02-17,,,,,
2020-02-18,,1.55,0.14,,
2020-02-19,,1.56,0.14,,
2020-02-20,,1.52,0.13,,
2020-02-21,,1.46,0.12,,
2020-02-24,,1.38,0.12,,
2020-02-25,,1.33,0.13,,
2020-02-26,,1.33,0.17,,
2020-02-27,,1.3,0.19,,
2020-02-28,,1.13,0.27,,
2020-03-01,0.65,,,258.076,4.4
2020-03-02,,1.1,0.26,,
2020-03-03,,1.02,0.31,,
2020-03-04,,1.02,0.35,,
2020-03-05,,0.92,0.33,,
2020-03-06,,0.74,0.25,,
2020-03-09,,0.54,0.16,,
2020-03-10,,0.76,0.26,,
2020-03-11,,0.82,0.32,,
2020-03-12,,0.88,0.38,,
2020-03-13,,0.94,0.45,,
2020-03-16,,0.73,0.37,,
2020-03-17,,1.02,0.55,,
2020-03-18,,1.18,0.64,,
2020-03-19,,1.12,0.68,,
2020-03-20,,0.92,0.55,,
2020-03-23,,0.76,0.48,,
2020-03-24,,0.84,0.46,,
2020-03-25,,0.88,0.54,,
2020-03-26,,0.83,0.53,,
2020-03-27,,0.72,0.47,,
2020-03-30,,0.7,0.47,,
2020-03-31,,0.7,0.47,,
2020-04-01,0.05,0.62,0.39,256.032,14.8
2020-04-02,,0.63,0.4,,
2020-04-03,,0.62,0.39,,
2020-04-06,,0.67,0.4,,
2020-04-07,,0.75,0.47,,
2020-04-08,,0.77,0.5,,
2020-04-09,,0.73,0.5,,
2020-04-10,,,,,
2020-04-13,,0.76,0.51,,
2020-04-14,,0.76,0.53,,
2020-04-15,,0.63,0.43,,
2020-04-16,,0.61,0.41,,
2020-04-17,,0.65,0.45,,
2020-04-20,,0.63,0.43,,
2020-04-21,,0.58,0.38,,
2020-04-22,,0.63,0.41,,
2020-04-23,,0.61,0.39,,
2020-04-24,,0.6,0.38,,
2020-04-27,,0.67,0.43,,
2020-04-28,,0.62,0.42,,
2020-04-29,,0.63,0.43,,
2020-04-30,,0.64,0.44,,
2020-05-01,0.05,0.64,0.44,255.802,13.2
2020-05-04,,0.64,0.45,,
2020-05-05,,0.66,0.47,,
2020-05-06,,0.72,0.55,,
2020-05-07,,0.63,0.5,,
2020-05-08,,0.69,0.53,,
2020-05-11,,0.73,0.56,,
2020-05-12,,0.69,0.52,,
2020-05-13,,0.64,0.48,,
2020-05-14,,0.63,0.47,,
2020-05-15,,0.64,0.48,,
2020-05-18,,0.73,0.55,,
2020-05-19,,0.7,0.53,,
2020-05-20,,0.68,0.52,,
2020-05-21,,0.68,0.51,,
2020-05-22,,0.66,0.49,,
2020-05-25,,,,,
2020-05-26,,0.69,0.51,,
2020-05-27,,0.68,0.49,,
2020-05-28,,0.7,0.53,,
2020-05-29,,0.65,0.49,,
2020-06-01,0.08,0.66,0.52,257.042,11.0
2020-06-02,,0.68,0.51,,
2020-06-03,,0.77,0.58,,
2020-06-04,,0.82,0.63,,
2020-06-05,,0.91,0.69,,
2020-06-08,,0.88,0.66,,
2020-06-09,,0.84,0.64,,
2020-06-10,,0.75,0.58,,
2020-06-11,,0.66,0.47,,
2020-06-12,,0.71,0.52,,
2020-06-15,,0.71,0.52,,
2020-06-16,,0.75,0.54,,
2020-06-17,,0.74,0.55,,
2020-06-18,,0.71,0.52,,
2020-06-19,,0.7,0.51,,
2020-06-22,,0.71,0.52,,
2020-06-23,,0.72,0.54,,
2020-06-24,,0.69,0.5,,
2020-06-25,,0.68,0.51,,
2020-06-26,,0.64,0.47,,
2020-06-29,,0.64,0.48,,
2020-06-30,,0.66,0.5,,
2020-07-01,0.09,0.69,0.52,258.352,10.2
2020-07-02,,0.68,0.52,,
2020-07-03,,,,,
2020-07-06,,0.69,0.53,,
2020-07-07,,0.65,0.49,,
2020-07-08,,0.67,0.51,,
2020-07-09,,0.62,0.46,,
2020-07-10,,0.65,0.49,,
2020-07-13,,0.64,0.48,,
2020-07-14,,0.63,0.49,,
2020-07-15,,0.64,0.48,,
2020-07-16,,0.62,0.46,,
2020-07-17,,0.64,0.5,,
2020-07-20,,0.62,0.46,,
2020-07-21,,0.61,0.47,,
2020-07-22,,0.6,0.46,,
2020-07-23,,0.59,0.43,,
2020-07-24,,0.59,0.45,,
2020-07-27,,0.62,0.47,,
2020-07-28,,0.59,0.45,,
2020-07-29,,0.58,0.46,,
2020-07-30,,0.55,0.44,,
2020-07-31,,0.55,0.44,,
2020-08-01,0.1,,,259.316,8.4
2020-08-03,,0.56,0.45,,
2020-08-04,,0.52,0.41,,
2020-08-05,,0.55,0.44,,
2020-08-06,,0.55,0.44,,
2020-08-07,,0.57,0.44,,
2020-08-10,,0.59,0.45,,
2020-08-11,,0.64,0.48,,
2020-08-12,,0.69,0.53,,
2020-08-13,,0.71,0.55,,
2020-08-14,,0.71,0.57,,
2020-08-17,,0.69,0.55,,
2020-08-18,,0.67,0.53,,
2020-08-19,,0.68,0.54,,
2020-08-20,,0.65,0.52,,
2020-08-21,,0.64,0.48,,
2020-08-24,,0.65,0.51,,
2020-08-25,,0.69,0.54,,
2020-08-26,,0.69,0.53,,
2020-08-27,,0.74,0.58,,
2020-08-28,,0.74,0.6,,
2020-08-31,,0.72,0.58,,
2020-09-01,0.09,0.68,0.55,259.997,7.8
2020-09-02,,0.66,0.52,,
2020-09-03,,0.63,0.5,,
2020-09-04,,0.72,0.58,,
2020-09-07,,,,,
2020-09-08,,0.69,0.55,,
2020-09-09,,0.71,0.57,,
2020-09-10,,0.68,0.54,,
2020-09-11,,0.67,0.54,,
2020-09-14,,0.68,0.54,,
2020-09-15,,0.68,0.54,,
2020-09-16,,0.69,0.55,,
2020-09-17,,0.69,0.56,,
2020-09-18,,0.7,0.56,,
2020-09-21,,0.68,0.54,,
2020-09-22,,0.68,0.55,,
2020-09-23,,0.68,0.54,,
2020-09-24,,0.67,0.53,,
2020-09-25,,0.66,0.54,,
2020-09-28,,0.67,0.53,,
2020-09-29,,0.66,0.55,,
2020-09-30,,0.69,0.56,,
2020-10-01,0.09,0.68,0.54,260.319,6.9
2020-10-02,,0.7,0.57,,
2020-10-05,,0.78,0.64,,
2020-10-06,,0.76,0.62,,
2020-10-07,,0.81,0.65,,
2020-10-08,,0.78,0.65,,
2020-10-09,,0.79,0.63,,
2020-10-12,,,,,
2020-10-13,,0.74,0.58,,
2020-10-14,,0.73,0.59,,
2020-10-15,,0.74,0.6,,
2020-10-16,,0.76,0.62,,
2020-10-19,,0.78,0.62,,
2020-10-20,,0.81,0.67,,
2020-10-21,,0.83,0.69,,
2020-10-22,,0.87,0.71,,
2020-10-23,,0.85,0.67,,
2020-10-26,,0.81,0.65,,
2020-10-27,,0.79,0.63,,
2020-10-28,,0.79,0.63,,
2020-10-29,,0.85,0.69,,
2020-10-30,,0.88,0.74,,
2020-11-01,0.09,,,260.911,6.7
2020-11-02,,0.87,0.71,,
2020-11-03,,0.9,0.73,,
2020-11-04,,0.78,0.64,,
2020-11-05,,0.79,0.65,,
2020-11-06,,0.83,0.67,,
2020-11-09,,0.96,0.79,,
2020-11-10,,0.98,0.79,,
2020-11-11,,,,,
2020-11-12,,0.88,0.71,,
2020-11-13,,0.89,0.72,,
2020-11-16,,0.91,0.72,,
2020-11-17,,0.87,0.69,,
2020-11-18,,0.88,0.72,,
2020-11-19,,0.86,0.68,,
2020-11-20,,0.83,0.67,,
2020-11-23,,0.86,0.7,,
2020-11-24,,0.88,0.72,,
2020-11-25,,0.88,0.71,,
2020-11-26,,,,,
2020-11-27,,0.84,0.68,,
2020-11-30,,0.84,0.68,,
2020-12-01,0.09,0.92,0.75,262.045,6.7
2020-12-02,,0.95,0.79,,
2020-12-03,,0.92,0.76,,
2020-12-04,,0.97,0.81,,
2020-12-07,,0.94,0.8,,
2020-12-08,,0.92,0.78,,
2020-12-09,,0.95,0.79,,
2020-12-10,,0.92,0.78,,
2020-12-11,,0.9,0.79,,
2020-12-14,,0.9,0.77,,
2020-12-15,,0.92,0.81,,
2020-12-16,,0.92,0.79,,
2020-12-17,,0.94,0.81,,
2020-12-18,,0.95,0.82,,
2020-12-21,,0.95,0.82,,
2020-12-22,,0.93,0.8,,
2020-12-23,,0.96,0.83,,
2020-12-24,,0.94,0.81,,
2020-12-25,,,,,
2020-12-28,,0.94,0.81,,
2020-12-29,,0.94,0.82,,
2020-12-30,,0.93,0.81,,
2020-12-31,,0.93,0.8,,
2021-01-01,0.09,,,262.687,6.4
2021-01-04,,0.93,0.82,,
2021-01-05,,0.96,0.83,,
2021-01-06,,1.04,0.9,,
2021-01-07,,1.08,0.94,,
2021-01-08,,1.13,0.99,,
2021-01-11,,1.15,1.01,,
2021-01-12,,1.15,1.01,,
2021-01-13,,1.1,0.96,,
2021-01-14,,1.15,0.99,,
2021-01-15,,1.11,0.98,,
2021-01-18,,,,,
2021-01-19,,1.1,0.96,,
2021-01-20,,1.1,0.97,,
2021-01-21,,1.12,0.99,,
2021-01-22,,1.1,0.97,,
2021-01-25,,1.05,0.92,,
2021-01-26,,1.05,0.94,,
2021-01-27,,1.04,0.92,,
2021-01-28,,1.07,0.95,,
2021-01-29,,1.11,1.0,,
2021-02-01,0.08,1.09,0.98,263.579,6.2
2021-02-02,,1.12,1.01,,
2021-02-03,,1.15,1.04,,
2021-02-04,,1.15,1.04,,
2021-02-05,,1.19,1.1,,
2021-02-08,,1.19,1.08,,
2021-02-09,,1.18,1.07,,
2021-02-10,,1.15,1.04,,
2021-02-11,,1.16,1.05,,
2021-02-12,,1.2,1.09,,
2021-02-15,,,,,
2021-02-16,,1.3,1.17,,
2021-02-17,,1.29,1.18,,
2021-02-18,,1.29,1.18,,
2021-02-19,,1.34,1.23,,
2021-02-22,,1.37,1.26,,
2021-02-23,,1.37,1.26,,
2021-02-24,,1.38,1.26,,
2021-02-25,,1.54,1.37,,
2021-02-26,,1.44,1.3,,
2021-03-01,0.07,1.45,1.32,264.961,6.1
2021-03-02,,1.42,1.29,,
2021-03-03,,1.47,1.33,,
2021-03-04,,1.54,1.4,,
2021-03-05,,1.56,1.42,,
2021-03-08,,1.59,1.42,,
2021-03-09,,1.55,1.38,,
2021-03-10,,1.53,1.37,,
2021-03-11,,1.54,1.4,,
2021-03-12,,1.64,1.5,,
2021-03-15,,1.62,1.48,,
2021-03-16,,1.62,1.47,,
2021-03-17,,1.63,1.5,,
2021-03-18,,1.71,1.55,,
2021-03-19,,1.74,1.58,,
2021-03-22,,1.69,1.54,,
2021-03-23,,1.63,1.48,,
2021-03-24,,1.62,1.48,,
2021-03-25,,1.63,1.49,,
2021-03-26,,1.67,1.53,,
2021-03-29,,1.73,1.59,,
2021-03-30,,1.73,1.57,,
2021-03-31,,1.74,1.58,,
2021-04-01,0.07,1.69,1.52,266.614,6.1
2021-04-02,,1.72,1.53,,
2021-04-05,,1.73,1.56,,
2021-04-06,,1.67,1.51,,
2021-04-07,,1.68,1.52,,
2021-04-08,,1.64,1.5,,
2021-04-09,,1.67,1.51,,
2021-04-12,,1.69,1.51,,
2021-04-13,,1.64,1.48,,
2021-04-14,,1.64,1.48,,
2021-04-15,,1.56,1.4,,
2021-04-16,,1.59,1.43,,
2021-04-19,,1.61,1.45,,
2021-04-20,,1.58,1.43,,
2021-04-21,,1.57,1.42,,
2021-04-22,,1.57,1.41,,
2021-04-23,,1.58,1.42,,
2021-04-26,,1.58,1.4,,
2021-04-27,,1.63,1.46,,
2021-04-28,,1.63,1.46,,
2021-04-29,,1.65,1.49,,
2021-04-30,,1.65,1.49,,
2021-05-01,0.06,,,268.383,5.8
2021-05-03,,1.63,1.47,,
2021-05-04,,1.61,1.45,,
2021-05-05,,1.59,1.43,,
2021-05-06,,1.58,1.42,,
2021-05-07,,1.6,1.46,,
2021-05-10,,1.63,1.47,,
2021-05-11,,1.64,1.48,,
2021-05-12,,1.69,1.53,,
2021-05-13,,1.66,1.5,,
2021-05-14,,1.63,1.47,,
2021-05-17,,1.64,1.48,,
2021-05-18,,1.64,1.48,,
2021-05-19,,1.68,1.52,,
2021-05-20,,1.63,1.48,,
2021-05-21,,1.63,1.46,,
2021-05-24,,1.61,1.46,,
2021-05-25,,1.56,1.41,,
2021-05-26,,1.58,1.44,,
2021-05-27,,1.61,1.47,,
2021-05-28,,1.58,1.44,,
2021-05-31,,,,,
2021-06-01,0.08,1.62,1.46,270.654,5.9
2021-06-02,,1.59,1.46,,
2021-06-03,,1.63,1.47,,
2021-06-04,,1.56,1.42,,
2021-06-07,,1.57,1.41,,
2021-06-08,,1.53,1.39,,
2021-06-09,,1.5,1.34,,
2021-06-10,,1.45,1.31,,
2021-06-11,,1.47,1.31,,
2021-06-14,,1.51,1.35,,
2021-06-15,,1.51,1.35,,
2021-06-16,,1.57,1.36,,
2021-06-17,,1.52,1.29,,
2021-06-18,,1.45,1.19,,
2021-06-21,,1.5,1.23,,
2021-06-22,,1.48,1.23,,
2021-06-23,,1.5,1.24,,
2021-06-24,,1.49,1.23,,
2021-06-25,,1.54,1.26,,
2021-06-28,,1.49,1.24,,
2021-06-29,,1.49,1.22,,
2021-06-30,,1.45,1.2,,
2021-07-01,0.1,1.48,1.23,271.903,5.4
2021-07-02,,1.44,1.2,,
2021-07-05,,,,,
2021-07-06,,1.37,1.15,,
2021-07-07,,1.33,1.11,,
2021-07-08,,1.3,1.11,,
2021-07-09,,1.37,1.14,,
2021-07-12,,1.38,1.15,,
2021-07-13,,1.42,1.16,,
2021-07-14,,1.37,1.14,,
2021-07-15,,1.31,1.08,,
2021-07-16,,1.31,1.06,,
2021-07-19,,1.19,0.98,,
2021-07-20,,1.23,1.03,,
2021-07-21,,1.3,1.08,,
2021-07-22,,1.27,1.07,,
2021-07-23,,1.3,1.08,,
2021-07-26,,1.29,1.07,,
2021-07-27,,1.25,1.05,,
2021-07-28,,1.26,1.06,,
2021-07-29,,1.28,1.08,,
2021-07-30,,1.24,1.05,,
2021-08-01,0.09,,,272.676,5.1
2021-08-02,,1.2,1.03,,
2021-08-03,,1.19,1.02,,
2021-08-04,,1.19,1.02,,
2021-08-05,,1.23,1.02,,
2021-08-06,,1.31,1.1,,
2021-08-09,,1.33,1.1,,
2021-08-10,,1.36,1.12,,
2021-08-11,,1.35,1.12,,
2021-08-12,,1.36,1.13,,
2021-08-13,,1.29,1.06,,
2021-08-16,,1.26,1.05,,
2021-08-17,,1.26,1.03,,
2021-08-18,,1.27,1.04,,
2021-08-19,,1.24,1.02,,
2021-08-20,,1.26,1.03,,
2021-08-23,,1.25,1.02,,
2021-08-24,,1.29,1.05,,
2021-08-25,,1.35,1.12,,
2021-08-26,,1.34,1.09,,
2021-08-27,,1.31,1.09,,
2021-08-30,,1.29,1.09,,
2021-08-31,,1.3,1.1,,
2021-09-01,0.08,1.31,1.11,273.91,4.7
2021-09-02,,1.29,1.09,,
2021-09-03,,1.33,1.12,,
2021-09-06,,,,,
2021-09-07,,1.38,1.16,,
2021-09-08,,1.35,1.13,,
2021-09-09,,1.3,1.07,,
2021-09-10,,1.35,1.12,,
2021-09-13,,1.33,1.12,,
2021-09-14,,1.28,1.07,,
2021-09-15,,1.31,1.1,,
2021-09-16,,1.34,1.11,,
2021-09-17,,1.37,1.14,,
2021-09-20,,1.31,1.08,,
2021-09-21,,1.33,1.11,,
2021-09-22,,1.32,1.07,,
2021-09-23,,1.41,1.14,,
2021-09-24,,1.47,1.18,,
2021-09-27,,1.48,1.17,,
2021-09-28,,1.54,1.23,,
2021-09-29,,1.55,1.25,,
2021-09-30,,1.52,1.24,,
2021-10-01,0.08,1.48,1.21,276.55,4.5
2021-10-04,,1.49,1.22,,
2021-10-05,,1.54,1.26,,
2021-10-06,,1.53,1.23,,
2021-10-07,,1.58,1.26,,
2021-10-08,,1.61,1.29,,
2021-10-11,,,,,
2021-10-12,,1.59,1.24,,
2021-10-13,,1.56,1.19,,
2021-10-14,,1.52,1.16,,
2021-10-15,,1.59,1.18,,
2021-10-18,,1.59,1.15,,
2021-10-19,,1.65,1.24,,
2021-10-20,,1.65,1.25,,
2021-10-21,,1.68,1.23,,
2021-10-22,,1.66,1.18,,
2021-10-25,,1.64,1.17,,
2021-10-26,,1.63,1.16,,
2021-10-27,,1.54,1.04,,
2021-10-28,,1.57,1.07,,
2021-10-29,,1.55,1.07,,
2021-11-01,0.08,1.58,1.08,278.919,4.1
2021-11-02,,1.56,1.1,,
2021-11-03,,1.6,1.13,,
2021-11-04,,1.53,1.12,,
2021-11-05,,1.45,1.06,,
2021-11-08,,1.51,1.06,,
2021-11-09,,1.46,1.05,,
2021-11-10,,1.56,1.05,,
2021-11-11,,,,,
2021-11-12,,1.58,1.05,,
2021-11-15,,1.63,1.1,,
2021-11-16,,1.63,1.09,,
2021-11-17,,1.6,1.08,,
2021-11-18,,1.59,1.07,,
2021-11-19,,1.54,1.02,,
2021-11-22,,1.63,1.0,,
2021-11-23,,1.67,1.07,,
2021-11-24,,1.64,1.0,,
2021-11-25,,,,,
2021-11-26,,1.48,0.98,,
2021-11-29,,1.52,1.01,,
2021-11-30,,1.43,0.91,,
2021-12-01,0.08,1.43,0.87,280.845,3.9
2021-12-02,,1.44,0.81,,
2021-12-03,,1.35,0.75,,
2021-12-06,,1.43,0.78,,
2021-12-07,,1.48,0.78,,
2021-12-08,,1.52,0.84,,
2021-12-09,,1.49,0.79,,
2021-12-10,,1.48,0.81,,
2021-12-13,,1.42,0.76,,
2021-12-14,,1.44,0.77,,
2021-12-15,,1.47,0.78,,
2021-12-16,,1.44,0.8,,
2021-12-17,,1.41,0.75,,
2021-12-20,,1.43,0.78,,
2021-12-21,,1.48,0.78,,
2021-12-22,,1.46,0.78,,
2021-12-23,,1.5,0.79,,
2021-12-24,,,,,
2021-12-27,,1.48,0.72,,
2021-12-28,,1.49,0.75,,
2021-12-29,,1.55,0.8,,
2021-12-30,,1.52,0.79,,
2021-12-31,,1.52,0.79,,
2022-01-01,0.08,,,282.543,4.0
2022-01-03,,1.63,0.85,,
2022-01-04,,1.66,0.89,,
2022-01-05,,1.71,0.88,,
2022-01-06,,1.73,0.85,,
2022-01-07,,1.76,0.89,,
2022-01-10,,1.78,0.86,,
2022-01-11,,1.75,0.85,,
2022-01-12,,1.74,0.82,,
2022-01-13,,1.7,0.79,,
2022-01-14,,1.78,0.79,,
2022-01-17,,,,,
2022-01-18,,1.87,0.81,,
2022-01-19,,1.83,0.79,,
2022-01-20,,1.83,0.75,,
2022-01-21,,1.75,0.74,,
2022-01-24,,1.75,0.76,,
2022-01-25,,1.78,0.76,,
2022-01-26,,1.85,0.72,,
2022-01-27,,1.81,0.63,,
2022-01-28,,1.78,0.63,,
2022-01-31,,1.79,0.61,,
2022-02-01,0.08,1.81,0.63,284.5,3.9
2022-02-02,,1.78,0.62,,
2022-02-03,,1.82,0.63,,
2022-02-04,,1.93,0.62,,
2022-02-07,,1.92,0.62,,
2022-02-08,,1.96,0.61,,
2022-02-09,,1.94,0.58,,
2022-02-10,,2.03,0.42,,
2022-02-11,,1.92,0.42,,
2022-02-14,,1.98,0.4,,
2022-02-15,,2.05,0.47,,
2022-02-16,,2.03,0.51,,
2022-02-17,,1.97,0.48,,
2022-02-18,,1.92,0.45,,
2022-02-21,,,,,
2022-02-22,,1.94,0.38,,
2022-02-23,,1.99,0.41,,
2022-02-24,,1.96,0.42,,
2022-02-25,,1.97,0.42,,
2022-02-28,,1.83,0.39,,
2022-03-01,0.2,1.72,0.41,287.674,3.7
2022-03-02,,1.86,0.36,,
2022-03-03,,1.86,0.33,,
2022-03-04,,1.74,0.24,,
2022-03-07,,1.78,0.23,,
2022-03-08,,1.86,0.23,,
2022-03-09,,1.94,0.26,,
2022-03-10,,1.98,0.26,,
2022-03-11,,2.0,0.25,,
2022-03-14,,2.14,0.27,,
2022-03-15,,2.15,0.3,,
2022-03-16,,2.19,0.24,,
2022-03-17,,2.2,0.26,,
2022-03-18,,2.14,0.17,,
2022-03-21,,2.32,0.18,,
2022-03-22,,2.38,0.2,,
2022-03-23,,2.32,0.19,,
2022-03-24,,2.34,0.21,,
2022-03-25,,2.48,0.18,,
2022-03-28,,2.46,0.11,,
2022-03-29,,2.41,0.06,,
2022-03-30,,2.35,0.04,,
2022-03-31,,2.32,0.04,,
2022-04-01,0.33,2.39,-0.05,288.561,3.7
2022-04-04,,2.42,-0.01,,
2022-04-05,,2.54,0.03,,
2022-04-06,,2.61,0.11,,
2022-04-07,,2.66,0.19,,
2022-04-08,,2.72,0.19,,
2022-04-11,,2.79,0.29,,
2022-04-12,,2.72,0.33,,
2022-04-13,,2.7,0.33,,
2022-04-14,,2.83,0.36,,
2022-04-15,,,,,
2022-04-18,,2.85,0.39,,
2022-04-19,,2.93,0.32,,
2022-04-20,,2.85,0.25,,
2022-04-21,,2.9,0.22,,
2022-04-22,,2.9,0.18,,
2022-04-25,,2.81,0.18,,
2022-04-26,,2.77,0.23,,
2022-04-27,,2.82,0.24,,
2022-04-28,,2.85,0.22,,
2022-04-29,,2.89,0.19,,
2022-05-01,0.77,,,291.298,3.6
2022-05-02,,2.99,0.26,,
2022-05-03,,2.97,0.19,,
2022-05-04,,2.93,0.27,,
2022-05-05,,3.05,0.34,,
2022-05-06,,3.12,0.4,,
2022-05-09,,3.05,0.44,,
2022-05-10,,2.99,0.37,,
2022-05-11,,2.91,0.25,,
2022-05-12,,2.84,0.28,,
2022-05-13,,2.93,0.32,,
2022-05-16,,2.88,0.3,,
2022-05-17,,2.98,0.27,,
2022-05-18,,2.89,0.21,,
2022-05-19,,2.84,0.21,,
2022-05-20,,2.78,0.18,,
2022-05-23,,2.86,0.21,,
2022-05-24,,2.76,0.26,,
2022-05-25,,2.75,0.27,,
2022-05-26,,2.75,0.29,,
2022-05-27,,2.74,0.27,,
2022-05-30,,,,,
2022-05-31,,2.85,0.32,,
2022-06-01,1.21,2.94,0.28,294.957,3.6
2022-06-02,,2.92,0.27,,
2022-06-03,,2.96,0.3,,
2022-06-06,,3.04,0.31,,
2022-06-07,,2.98,0.23,,
2022-06-08,,3.03,0.25,,
2022-06-09,,3.04,0.21,,
2022-06-10,,3.15,0.09,,
2022-06-13,,3.43,0.03,,
2022-06-14,,3.49,0.04,,
2022-06-15,,3.33,0.13,,
2022-06-16,,3.28,0.14,,
2022-06-17,,3.25,0.08,,
2022-06-20,,,,,
2022-06-21,,3.31,0.1,,
2022-06-22,,3.16,0.1,,
2022-06-23,,3.09,0.08,,
2022-06-24,,3.13,0.09,,
2022-06-27,,3.2,0.12,,
2022-06-28,,3.2,0.1,,
2022-06-29,,3.1,0.04,,
2022-06-30,,2.98,0.06,,
2022-07-01,1.68,2.88,0.04,294.913,3.5
2022-07-04,,,,,
2022-07-05,,2.82,0.0,,
2022-07-06,,2.93,-0.04,,
2022-07-07,,3.01,-0.02,,
2022-07-08,,3.09,-0.03,,
2022-07-11,,2.99,-0.08,,
2022-07-12,,2.96,-0.07,,
2022-07-13,,2.91,-0.22,,
2022-07-14,,2.96,-0.19,,
2022-07-15,,2.93,-0.2,,
2022-07-18,,2.96,-0.19,,
2022-07-19,,3.01,-0.22,,
2022-07-20,,3.04,-0.21,,
2022-07-21,,2.91,-0.19,,
2022-07-22,,2.77,-0.21,,
2022-07-25,,2.81,-0.19,,
2022-07-26,,2.81,-0.21,,
2022-07-27,,2.78,-0.18,,
2022-07-28,,2.68,-0.17,,
2022-07-29,,2.67,-0.22,,
2022-08-01,2.33,2.6,-0.3,295.097,3.6
2022-08-02,,2.75,-0.31,,
2022-08-03,,2.73,-0.37,,
2022-08-04,,2.68,-0.35,,
2022-08-05,,2.83,-0.41,,
2022-08-08,,2.77,-0.44,,
2022-08-09,,2.8,-0.48,,
2022-08-10,,2.78,-0.45,,
2022-08-11,,2.87,-0.36,,
2022-08-12,,2.84,-0.41,,
2022-08-15,,2.79,-0.41,,
2022-08-16,,2.82,-0.43,,
2022-08-17,,2.89,-0.39,,
2022-08-18,,2.88,-0.34,,
2022-08-19,,2.98,-0.27,,
2022-08-22,,3.03,-0.29,,
2022-08-23,,3.05,-0.24,,
2022-08-24,,3.11,-0.25,,
2022-08-25,,3.03,-0.32,,
2022-08-26,,3.04,-0.33,,
2022-08-29,,3.12,-0.3,,
2022-08-30,,3.11,-0.35,,
2022-08-31,,3.15,-0.3,,
2022-09-01,2.56,3.26,-0.25,296.349,3.5
2022-09-02,,3.2,-0.2,,
2022-09-05,,,,,
2022-09-06,,3.33,-0.17,,
2022-09-07,,3.27,-0.18,,
2022-09-08,,3.29,-0.19,,
2022-09-09,,3.33,-0.23,,
2022-09-12,,3.37,-0.21,,
2022-09-13,,3.42,-0.33,,
2022-09-14,,3.41,-0.37,,
2022-09-15,,3.45,-0.42,,
2022-09-16,,3.45,-0.4,,
2022-09-19,,3.49,-0.46,,
2022-09-20,,3.57,-0.39,,
2022-09-21,,3.51,-0.51,,
2022-09-22,,3.7,-0.41,,
2022-09-23,,3.69,-0.51,,
2022-09-26,,3.88,-0.39,,
2022-09-27,,3.97,-0.33,,
2022-09-28,,3.72,-0.35,,
2022-09-29,,3.76,-0.4,,
2022-09-30,,3.83,-0.39,,
2022-10-01,3.08,,,298.007,3.6
2022-10-03,,3.67,-0.45,,
2022-10-04,,3.62,-0.48,,
2022-10-05,,3.76,-0.39,,
2022-10-06,,3.83,-0.4,,
2022-10-07,,3.89,-0.41,,
2022-10-10,,,,,
2022-10-11,,3.93,-0.37,,
2022-10-12,,3.91,-0.37,,
2022-10-13,,3.97,-0.5,,
2022-10-14,,4.0,-0.48,,
2022-10-17,,4.02,-0.43,,
2022-10-18,,4.01,-0.42,,
2022-10-19,,4.14,-0.41,,
2022-10-20,,4.24,-0.38,,
2022-10-21,,4.21,-0.28,,
2022-10-24,,4.25,-0.25,,
2022-10-25,,4.1,-0.32,,
2022-10-26,,4.04,-0.35,,
2022-10-27,,3.96,-0.34,,
2022-10-28,,4.02,-0.39,,
2022-10-31,,4.1,-0.41,,
2022-11-01,3.78,4.07,-0.47,298.786,3.6
2022-11-02,,4.1,-0.51,,
2022-11-03,,4.14,-0.57,,
2022-11-04,,4.17,-0.49,,
2022-11-07,,4.22,-0.5,,
2022-11-08,,4.14,-0.53,,
2022-11-09,,4.12,-0.49,,
2022-11-10,,3.82,-0.52,,
2022-11-11,,,,,
2022-11-14,,3.88,-0.52,,
2022-11-15,,3.8,-0.57,,
2022-11-16,,3.67,-0.68,,
2022-11-17,,3.77,-0.66,,
2022-11-18,,3.82,-0.69,,
2022-11-21,,3.83,-0.65,,
2022-11-22,,3.76,-0.71,,
2022-11-23,,3.71,-0.75,,
2022-11-24,,,,,
2022-11-25,,3.68,-0.74,,
2022-11-28,,3.69,-0.77,,
2022-11-29,,3.75,-0.73,,
2022-11-30,,3.68,-0.7,,
2022-12-01,4.1,3.53,-0.72,298.832,3.5
2022-12-02,,3.51,-0.77,,
2022-12-05,,3.6,-0.81,,
2022-12-06,,3.51,-0.83,,
2022-12-07,,3.42,-0.84,,
2022-12-08,,3.48,-0.83,,
2022-12-09,,3.57,-0.76,,
2022-12-12,,3.61,-0.78,,
2022-12-13,,3.51,-0.71,,
2022-12-14,,3.49,-0.74,,
2022-12-15,,3.44,-0.79,,
2022-12-16,,3.48,-0.69,,
2022-12-19,,3.57,-0.68,,
2022-12-20,,3.69,-0.56,,
2022-12-21,,3.68,-0.53,,
2022-12-22,,3.67,-0.57,,
2022-12-23,,3.75,-0.56,,
2022-12-26,,,,,
2022-12-27,,3.84,-0.48,,
2022-12-28,,3.88,-0.43,,
2022-12-29,,3.83,-0.51,,
2022-12-30,,3.88,-0.53,,
2023-01-01,4.33,,,300.42,3.5
2023-01-02,,,,,
2023-01-03,,3.79,-0.61,,
2023-01-04,,3.69,-0.67,,
2023-01-05,,3.71,-0.74,,
2023-01-06,,3.55,-0.69,,
2023-01-09,,3.53,-0.66,,
2023-01-10,,3.61,-0.63,,
2023-01-11,,3.54,-0.66,,
2023-01-12,,3.43,-0.69,,
2023-01-13,,3.49,-0.73,,
2023-01-16,,,,,
2023-01-17,,3.53,-0.65,,
2023-01-18,,3.37,-0.69,,
2023-01-19,,3.39,-0.7,,
2023-01-20,,3.48,-0.66,,
2023-01-23,,3.52,-0.69,,
2023-01-24,,3.46,-0.66,,
2023-01-25,,3.46,-0.65,,
2023-01-26,,3.49,-0.68,,
2023-01-27,,3.52,-0.67,,
2023-01-30,,3.55,-0.7,,
2023-01-31,,3.52,-0.69,,
2023-02-01,4.57,3.39,-0.7,301.45,3.6
2023-02-02,,3.4,-0.69,,
2023-02-03,,3.53,-0.77,,
2023-02-06,,3.63,-0.81,,
2023-02-07,,3.67,-0.8,,
2023-02-08,,3.63,-0.82,,
2023-02-09,,3.67,-0.81,,
2023-02-10,,3.74,-0.76,,
2023-02-13,,3.72,-0.8,,
2023-02-14,,3.77,-0.83,,
2023-02-15,,3.81,-0.81,,
2023-02-16,,3.86,-0.76,,
2023-02-17,,3.82,-0.78,,
2023-02-20,,,,,
2023-02-21,,3.95,-0.72,,
2023-02-22,,3.93,-0.73,,
2023-02-23,,3.88,-0.78,,
2023-02-24,,3.95,-0.83,,
2023-02-27,,3.92,-0.86,,
2023-02-28,,3.92,-0.89,,
2023-03-01,4.65,4.01,-0.88,301.821,3.5
2023-03-02,,4.08,-0.81,,
2023-03-03,,3.97,-0.89,,
2023-03-06,,3.98,-0.91,,
2023-03-07,,3.97,-1.03,,
2023-03-08,,3.98,-1.07,,
2023-03-09,,3.93,-0.97,,
2023-03-10,,3.7,-0.9,,
2023-03-13,,3.55,-0.48,,
2023-03-14,,3.64,-0.56,,
2023-03-15,,3.51,-0.42,,
2023-03-16,,3.56,-0.58,,
2023-03-17,,3.39,-0.42,,
2023-03-20,,3.47,-0.45,,
2023-03-21,,3.59,-0.58,,
2023-03-22,,3.48,-0.48,,
2023-03-23,,3.38,-0.38,,
2023-03-24,,3.38,-0.38,,
2023-03-27,,3.53,-0.41,,
2023-03-28,,3.55,-0.47,,
2023-03-29,,3.57,-0.51,,
2023-03-30,,3.55,-0.55,,
2023-03-31,,3.48,-0.58,,
2023-04-01,4.83,,,302.845,3.4
2023-04-03,,3.43,-0.54,,
2023-04-04,,3.35,-0.49,,
2023-04-05,,3.3,-0.49,,
2023-04-06,,3.3,-0.52,,
2023-04-07,,3.39,-0.58,,
2023-04-10,,3.41,-0.59,,
2023-04-11,,3.43,-0.6,,
2023-04-12,,3.41,-0.54,,
2023-04-13,,3.45,-0.51,,
2023-04-14,,3.52,-0.56,,
2023-04-17,,3.6,-0.58,,
2023-04-18,,3.58,-0.61,,
2023-04-19,,3.6,-0.64,,
2023-04-20,,3.54,-0.6,,
2023-04-21,,3.57,-0.6,,
2023-04-24,,3.52,-0.6,,
2023-04-25,,3.4,-0.46,,
2023-04-26,,3.43,-0.47,,
2023-04-27,,3.53,-0.54,,
2023-04-28,,3.44,-0.6,,
2023-05-01,5.06,3.59,-0.55,303.334,3.6
2023-05-02,,3.44,-0.53,,
2023-05-03,,3.38,-0.51,,
2023-05-04,,3.37,-0.38,,
2023-05-05,,3.44,-0.48,,
2023-05-08,,3.52,-0.48,,
2023-05-09,,3.53,-0.48,,
2023-05-10,,3.43,-0.47,,
2023-05-11,,3.39,-0.5,,
2023-05-12,,3.46,-0.52,,
2023-05-15,,3.5,-0.49,,
2023-05-16,,3.54,-0.52,,
2023-05-17,,3.57,-0.55,,
2023-05-18,,3.65,-0.59,,
2023-05-19,,3.7,-0.58,,
2023-05-22,,3.72,-0.57,,
2023-05-23,,3.7,-0.56,,
2023-05-24,,3.73,-0.58,,
2023-05-25,,3.83,-0.67,,
2023-05-26,,3.8,-0.74,,
2023-05-29,,,,,
2023-05-30,,3.69,-0.77,,
2023-05-31,,3.64,-0.76,,
2023-06-01,5.08,3.61,-0.72,304.014,3.6
2023-06-02,,3.69,-0.81,,
2023-06-05,,3.69,-0.77,,
2023-06-06,,3.7,-0.81,,
2023-06-07,,3.79,-0.77,,
2023-06-08,,3.73,-0.79,,
2023-06-09,,3.75,-0.84,,
2023-06-12,,3.73,-0.82,,
2023-06-13,,3.84,-0.83,,
2023-06-14,,3.83,-0.91,,
2023-06-15,,3.72,-0.9,,
2023-06-16,,3.77,-0.93,,
2023-06-19,,,,,
2023-06-20,,3.74,-0.94,,
2023-06-21,,3.72,-0.96,,
2023-06-22,,3.8,-0.97,,
2023-06-23,,3.74,-0.97,,
2023-06-26,,3.72,-0.93,,
2023-06-27,,3.77,-0.97,,
2023-06-28,,3.71,-1.0,,
2023-06-29,,3.85,-1.02,,
2023-06-30,,3.81,-1.06,,
2023-07-01,5.12,,,304.609,3.5
2023-07-03,,3.86,-1.08,,
2023-07-04,,,,,
2023-07-05,,3.95,-0.99,,
2023-07-06,,4.05,-0.94,,
2023-07-07,,4.06,-0.88,,
2023-07-10,,4.01,-0.84,,
2023-07-11,,3.99,-0.89,,
2023-07-12,,3.86,-0.86,,
2023-07-13,,3.76,-0.83,,
2023-07-14,,3.83,-0.91,,
2023-07-17,,3.81,-0.93,,
2023-07-18,,3.8,-0.94,,
2023-07-19,,3.75,-0.99,,
2023-07-20,,3.85,-0.95,,
2023-07-21,,3.84,-0.98,,
2023-07-24,,3.86,-0.95,,
2023-07-25,,3.91,-0.94,,
2023-07-26,,3.86,-0.96,,
2023-07-27,,4.01,-0.9,,
2023-07-28,,3.96,-0.91,,
2023-07-31,,3.97,-0.91,,
2023-08-01,5.33,4.05,-0.87,306.082,3.7
2023-08-02,,4.08,-0.8,,
2023-08-03,,4.2,-0.7,,
2023-08-04,,4.05,-0.73,,
2023-08-07,,4.09,-0.67,,
2023-08-08,,4.02,-0.72,,
2023-08-09,,4.0,-0.79,,
2023-08-10,,4.09,-0.73,,
2023-08-11,,4.16,-0.73,,
2023-08-14,,4.19,-0.77,,
2023-08-15,,4.21,-0.71,,
2023-08-16,,4.28,-0.69,,
2023-08-17,,4.3,-0.64,,
2023-08-18,,4.26,-0.66,,
2023-08-21,,4.34,-0.63,,
2023-08-22,,4.34,-0.68,,
2023-08-23,,4.19,-0.76,,
2023-08-24,,4.23,-0.75,,
2023-08-25,,4.25,-0.78,,
2023-08-28,,4.2,-0.78,,
2023-08-29,,4.12,-0.75,,
2023-08-30,,4.12,-0.78,,
2023-08-31,,4.09,-0.76,,
2023-09-01,5.33,4.18,-0.69,307.276,3.7
2023-09-04,,,,,
2023-09-05,,4.27,-0.67,,
2023-09-06,,4.3,-0.71,,
2023-09-07,,4.27,-0.67,,
2023-09-08,,4.26,-0.72,,
2023-09-11,,4.29,-0.68,,
2023-09-12,,4.27,-0.71,,
2023-09-13,,4.25,-0.71,,
2023-09-14,,4.29,-0.71,,
2023-09-15,,4.33,-0.69,,
2023-09-18,,4.32,-0.73,,
2023-09-19,,4.37,-0.71,,
2023-09-20,,4.35,-0.77,,
2023-09-21,,4.49,-0.63,,
2023-09-22,,4.44,-0.66,,
2023-09-25,,4.55,-0.54,,
2023-09-26,,4.56,-0.48,,
2023-09-27,,4.61,-0.49,,
2023-09-28,,4.59,-0.45,,
2023-09-29,,4.59,-0.44,,
2023-10-01,5.33,,,307.696,3.9
2023-10-02,,4.69,-0.43,,
2023-10-03,,4.81,-0.34,,
2023-10-04,,4.73,-0.32,,
2023-10-05,,4.72,-0.31,,
2023-10-06,,4.78,-0.3,,
2023-10-09,,,,,
2023-10-10,,4.66,-0.3,,
2023-10-11,,4.58,-0.41,,
2023-10-12,,4.7,-0.36,,
2023-10-13,,4.63,-0.41,,
2023-10-16,,4.71,-0.38,,
2023-10-17,,4.83,-0.36,,
2023-10-18,,4.91,-0.28,,
2023-10-19,,4.98,-0.16,,
2023-10-20,,4.93,-0.14,,
2023-10-23,,4.86,-0.19,,
2023-10-24,,4.83,-0.19,,
2023-10-25,,4.95,-0.13,,
2023-10-26,,4.86,-0.16,,
2023-10-27,,4.84,-0.15,,
2023-10-30,,4.88,-0.15,,
2023-10-31,,4.88,-0.19,,
2023-11-01,5.33,4.77,-0.18,308.148,3.7
2023-11-02,,4.67,-0.31,,
2023-11-03,,4.57,-0.26,,
2023-11-06,,4.67,-0.26,,
2023-11-07,,4.58,-0.33,,
2023-11-08,,4.49,-0.44,,
2023-11-09,,4.62,-0.41,,
2023-11-10,,4.61,-0.43,,
2023-11-13,,4.63,-0.39,,
2023-11-14,,4.44,-0.36,,
2023-11-15,,4.53,-0.37,,
2023-11-16,,4.45,-0.38,,
2023-11-17,,4.44,-0.44,,
2023-11-20,,4.42,-0.47,,
2023-11-21,,4.41,-0.45,,
2023-11-22,,4.42,-0.47,,
2023-11-23,,,,,
2023-11-24,,4.47,-0.45,,
2023-11-27,,4.39,-0.45,,
2023-11-28,,4.34,-0.39,,
2023-11-29,,4.27,-0.37,,
2023-11-30,,4.37,-0.36,,
2023-12-01,5.33,4.22,-0.34,308.741,3.8
2023-12-04,,4.28,-0.36,,
2023-12-05,,4.18,-0.39,,
2023-12-06,,4.12,-0.48,,
2023-12-07,,4.14,-0.44,,
2023-12-08,,4.23,-0.48,,
2023-12-11,,4.23,-0.48,,
2023-12-12,,4.2,-0.53,,
2023-12-13,,4.04,-0.42,,
2023-12-14,,3.92,-0.45,,
2023-12-15,,3.91,-0.53,,
2023-12-18,,3.95,-0.48,,
2023-12-19,,3.93,-0.48,,
2023-12-20,,3.86,-0.48,,
2023-12-21,,3.89,-0.44,,
2023-12-22,,3.9,-0.41,,
2023-12-25,,,,,
2023-12-26,,3.89,-0.37,,
2023-12-27,,3.79,-0.41,,
2023-12-28,,3.84,-0.42,,
2023-12-29,,3.88,-0.35,,
2024-01-01,5.33,,,309.698,3.7
2024-01-02,,3.95,-0.38,,
2024-01-03,,3.91,-0.42,,
2024-01-04,,3.99,-0.39,,
2024-01-05,,4.05,-0.35,,
2024-01-08,,4.01,-0.35,,
2024-01-09,,4.02,-0.34,,
2024-01-10,,4.04,-0.33,,
2024-01-11,,3.98,-0.28,,
2024-01-12,,3.96,-0.18,,
2024-01-15,,,,,
2024-01-16,,4.07,-0.15,,
2024-01-17,,4.1,-0.24,,
2024-01-18,,4.14,-0.2,,
2024-01-19,,4.15,-0.24,,
2024-01-22,,4.11,-0.26,,
2024-01-23,,4.14,-0.17,,
2024-01-24,,4.18,-0.16,,
2024-01-25,,4.14,-0.14,,
2024-01-26,,4.15,-0.19,,
2024-01-29,,4.08,-0.21,,
2024-01-30,,4.06,-0.3,,
2024-01-31,,3.99,-0.28,,
2024-02-01,5.33,3.87,-0.33,310.967,3.9
2024-02-02,,4.03,-0.33,,
2024-02-05,,4.17,-0.29,,
2024-02-06,,4.09,-0.3,,
2024-02-07,,4.09,-0.32,,
2024-02-08,,4.15,-0.31,,
2024-02-09,,4.17,-0.31,,
2024-02-12,,4.17,-0.29,,
2024-02-13,,4.31,-0.33,,
2024-02-14,,4.27,-0.29,,
2024-02-15,,4.24,-0.32,,
2024-02-16,,4.3,-0.34,,
2024-02-19,,,,,
2024-02-20,,4.27,-0.32,,
2024-02-21,,4.32,-0.32,,
2024-02-22,,4.33,-0.36,,
2024-02-23,,4.26,-0.41,,
2024-02-26,,4.28,-0.41,,
2024-02-27,,4.31,-0.39,,
2024-02-28,,4.27,-0.37,,
2024-02-29,,4.25,-0.39,,
2024-03-01,5.33,4.19,-0.35,312.345,3.9
2024-03-04,,4.22,-0.39,,
2024-03-05,,4.13,-0.41,,
2024-03-06,,4.11,-0.44,,
2024-03-07,,4.09,-0.41,,
2024-03-08,,4.09,-0.39,,
2024-03-11,,4.1,-0.41,,
2024-03-12,,4.16,-0.42,,
2024-03-13,,4.19,-0.42,,
2024-03-14,,4.29,-0.39,,
2024-03-15,,4.31,-0.41,,
2024-03-18,,4.34,-0.39,,
2024-03-19,,4.3,-0.38,,
2024-03-20,,4.27,-0.32,,
2024-03-21,,4.27,-0.35,,
2024-03-22,,4.22,-0.37,,
2024-03-25,,4.25,-0.29,,
2024-03-26,,4.24,-0.32,,
2024-03-27,,4.2,-0.34,,
2024-03-28,,4.2,-0.39,,
2024-03-29,,,,,
2024-04-01,5.33,4.33,-0.39,313.023,3.9
2024-04-02,,4.36,-0.34,,
2024-04-03,,4.36,-0.32,,
2024-04-04,,4.31,-0.34,,
2024-04-05,,4.39,-0.34,,
2024-04-08,,4.42,-0.36,,
2024-04-09,,4.36,-0.38,,
2024-04-10,,4.55,-0.42,,
2024-04-11,,4.56,-0.37,,
2024-04-12,,4.5,-0.38,,
2024-04-15,,4.63,-0.3,,
2024-04-16,,4.67,-0.3,,
2024-04-17,,4.59,-0.34,,
2024-04-18,,4.64,-0.34,,
2024-04-19,,4.62,-0.35,,
2024-04-22,,4.62,-0.35,,
2024-04-23,,4.61,-0.25,,
2024-04-24,,4.65,-0.24,,
2024-04-25,,4.7,-0.26,,
2024-04-26,,4.67,-0.29,,
2024-04-29,,4.63,-0.34,,
2024-04-30,,4.69,-0.35,,
2024-05-01,5.33,4.63,-0.33,313.175,3.9
2024-05-02,,4.58,-0.29,,
2024-05-03,,4.5,-0.31,,
2024-05-06,,4.49,-0.33,,
2024-05-07,,4.47,-0.35,,
2024-05-08,,4.48,-0.36,,
2024-05-09,,4.45,-0.35,,
2024-05-10,,4.5,-0.37,,
2024-05-13,,4.48,-0.37,,
2024-05-14,,4.45,-0.36,,
2024-05-15,,4.36,-0.37,,
2024-05-16,,4.38,-0.4,,
2024-05-17,,4.42,-0.41,,
2024-05-20,,4.44,-0.38,,
2024-05-21,,4.41,-0.41,,
2024-05-22,,4.43,-0.43,,
2024-05-23,,4.47,-0.44,,
2024-05-24,,4.46,-0.47,,
2024-05-27,,,,,
2024-05-28,,4.54,-0.4,,
2024-05-29,,4.61,-0.35,,
2024-05-30,,4.55,-0.37,,
2024-05-31,,4.51,-0.38,,
2024-06-01,5.33,,,313.044,4.1
2024-06-03,,4.41,-0.41,,
2024-06-04,,4.33,-0.44,,
2024-06-05,,4.29,-0.43,,
2024-06-06,,4.28,-0.44,,
2024-06-07,,4.43,-0.44,,
2024-06-10,,4.47,-0.4,,
2024-06-11,,4.39,-0.42,,
2024-06-12,,4.31,-0.44,,
2024-06-13,,4.24,-0.44,,
2024-06-14,,4.2,-0.47,,
2024-06-17,,4.28,-0.47,,
2024-06-18,,4.22,-0.47,,
2024-06-19,,,,,
2024-06-20,,4.25,-0.45,,
2024-06-21,,4.25,-0.45,,
2024-06-24,,4.25,-0.46,,
2024-06-25,,4.23,-0.42,,
2024-06-26,,4.32,-0.39,,
2024-06-27,,4.29,-0.41,,
2024-06-28,,4.36,-0.35,,
2024-07-01,5.33,4.48,-0.29,313.569,4.2
2024-07-02,,4.43,-0.31,,
2024-07-03,,4.36,-0.35,,
2024-07-04,,,,,
2024-07-05,,4.28,-0.32,,
2024-07-08,,4.28,-0.34,,
2024-07-09,,4.3,-0.32,,
2024-07-10,,4.28,-0.34,,
2024-07-11,,4.2,-0.3,,
2024-07-12,,4.18,-0.27,,
2024-07-15,,4.23,-0.21,,
2024-07-16,,4.17,-0.26,,
2024-07-17,,4.16,-0.26,,
2024-07-18,,4.2,-0.26,,
2024-07-19,,4.25,-0.24,,
2024-07-22,,4.26,-0.24,,
2024-07-23,,4.25,-0.15,,
2024-07-24,,4.28,-0.09,,
2024-07-25,,4.27,-0.14,,
2024-07-26,,4.2,-0.16,,
2024-07-29,,4.17,-0.19,,
2024-07-30,,4.15,-0.2,,
2024-07-31,,4.09,-0.2,,
2024-08-01,5.33,3.99,-0.17,314.062,4.2
2024-08-02,,3.8,-0.08,,
2024-08-05,,3.78,-0.11,,
2024-08-06,,3.9,-0.09,,
2024-08-07,,3.96,-0.04,,
2024-08-08,,3.99,-0.05,,
2024-08-09,,3.94,-0.11,,
2024-08-12,,3.9,-0.11,,
2024-08-13,,3.85,-0.08,,
2024-08-14,,3.83,-0.11,,
2024-08-15,,3.92,-0.16,,
2024-08-16,,3.89,-0.17,,
2024-08-19,,3.86,-0.2,,
2024-08-20,,3.82,-0.17,,
2024-08-21,,3.79,-0.13,,
2024-08-22,,3.86,-0.13,,
2024-08-23,,3.81,-0.09,,
2024-08-26,,3.82,-0.09,,
2024-08-27,,3.83,0.0,,
2024-08-28,,3.84,0.01,,
2024-08-29,,3.87,0.0,,
2024-08-30,,3.91,0.0,,
2024-09-01,5.13,,,314.732,4.1
2024-09-02,,,,,
2024-09-03,,3.84,-0.04,,
2024-09-04,,3.77,0.01,,
2024-09-05,,3.73,-0.02,,
2024-09-06,,3.72,0.06,,
2024-09-09,,3.7,0.02,,
2024-09-10,,3.65,0.06,,
2024-09-11,,3.65,0.03,,
2024-09-12,,3.68,0.04,,
2024-09-13,,3.66,0.09,,
2024-09-16,,3.63,0.07,,
2024-09-17,,3.65,0.06,,
2024-09-18,,3.7,0.09,,
2024-09-19,,3.73,0.14,,
2024-09-20,,3.73,0.18,,
2024-09-23,,3.75,0.18,,
2024-09-24,,3.74,0.25,,
2024-09-25,,3.79,0.26,,
2024-09-26,,3.79,0.19,,
2024-09-27,,3.75,0.2,,
2024-09-30,,3.81,0.15,,
2024-10-01,4.83,3.74,0.13,315.631,4.1
2024-10-02,,3.79,0.16,,
2024-10-03,,3.85,0.15,,
2024-10-04,,3.98,0.05,,
2024-10-07,,4.03,0.04,,
2024-10-08,,4.04,0.06,,
2024-10-09,,4.06,0.07,,
2024-10-10,,4.09,0.11,,
2024-10-11,,4.08,0.13,,
2024-10-14,,,,,
2024-10-15,,4.03,0.08,,
2024-10-16,,4.02,0.09,,
2024-10-17,,4.09,0.13,,
2024-10-18,,4.08,0.13,,
2024-10-21,,4.19,0.17,,
2024-10-22,,4.2,0.17,,
2024-10-23,,4.24,0.17,,
2024-10-24,,4.21,0.14,,
2024-10-25,,4.25,0.14,,
2024-10-28,,4.28,0.16,,
2024-10-29,,4.28,0.17,,
2024-10-30,,4.29,0.14,,
2024-10-31,,4.28,0.12,,
2024-11-01,4.64,4.37,0.16,316.528,4.2
2024-11-04,,4.31,0.14,,
2024-11-05,,4.26,0.07,,
2024-11-06,,4.42,0.15,,
2024-11-07,,4.31,0.1,,
2024-11-08,,4.3,0.04,,
2024-11-11,,,,,
2024-11-12,,4.43,0.09,,
2024-11-13,,4.44,0.17,,
2024-11-14,,4.43,0.09,,
2024-11-15,,4.43,0.12,,
2024-11-18,,4.42,0.13,,
2024-11-19,,4.39,0.12,,
2024-11-20,,4.41,0.1,,
2024-11-21,,4.43,0.09,,
2024-11-22,,4.41,0.04,,
2024-11-25,,4.27,0.06,,
2024-11-26,,4.3,0.09,,
2024-11-27,,4.25,0.06,,
2024-11-28,,,,,
2024-11-29,,4.18,0.05,,
2024-12-01,4.48,,,317.604,4.1
2024-12-02,,4.19,0.02,,
2024-12-03,,4.23,0.06,,
2024-12-04,,4.19,0.06,,
2024-12-05,,4.17,0.02,,
2024-12-06,,4.15,0.05,,
2024-12-09,,4.2,0.07,,
2024-12-10,,4.22,0.07,,
2024-12-11,,4.26,0.11,,
2024-12-12,,4.32,0.14,,
2024-12-13,,4.4,0.15,,
2024-12-16,,4.39,0.14,,
2024-12-17,,4.4,0.15,,
2024-12-18,,4.5,0.15,,
2024-12-19,,4.57,0.25,,
2024-12-20,,4.52,0.22,,
2024-12-23,,4.59,0.29,,
2024-12-24,,4.59,0.3,,
2024-12-25,,,,,
2024-12-26,,4.58,0.28,,
2024-12-27,,4.62,0.31,,
2024-12-30,,4.55,0.31,,
2024-12-31,,4.58,0.33,,
2025-01-01,4.33,,,318.961,4.0
2025-01-02,,4.57,0.32,,
2025-01-03,,4.6,0.32,,
2025-01-06,,4.62,0.34,,
2025-01-07,,4.67,0.37,,
2025-01-08,,4.67,0.39,,
2025-01-09,,4.68,0.41,,
2025-01-10,,4.77,0.37,,
2025-01-13,,4.79,0.39,,
2025-01-14,,4.78,0.41,,
2025-01-15,,4.66,0.39,,
2025-01-16,,4.61,0.38,,
2025-01-17,,4.61,0.34,,
2025-01-20,,,,,
2025-01-21,,4.57,0.28,,
2025-01-22,,4.6,0.31,,
2025-01-23,,4.65,0.36,,
2025-01-24,,4.63,0.36,,
2025-01-27,,4.53,0.36,,
2025-01-28,,4.55,0.36,,
2025-01-29,,4.55,0.34,,
2025-01-30,,4.52,0.34,,
2025-01-31,,4.58,0.36,,
2025-02-01,4.33,,,319.679,4.2
2025-02-03,,4.54,0.28,,
2025-02-04,,4.52,0.31,,
2025-02-05,,4.43,0.26,,
2025-02-06,,4.45,0.24,,
2025-02-07,,4.49,0.2,,
2025-02-10,,4.51,0.23,,
2025-02-11,,4.54,0.25,,
2025-02-12,,4.62,0.26,,
2025-02-13,,4.52,0.21,,
2025-02-14,,4.47,0.21,,
2025-02-17,,,,,
2025-02-18,,4.55,0.26,,
2025-02-19,,4.53,0.25,,
2025-02-20,,4.5,0.22,,
2025-02-21,,4.42,0.23,,
2025-02-24,,4.4,0.27,,
2025-02-25,,4.3,0.23,,
2025-02-26,,4.25,0.2,,
2025-02-27,,4.29,0.22,,
2025-02-28,,4.24,0.25,,
2025-03-01,4.33,,,319.785,4.2
2025-03-03,,4.16,0.2,,
2025-03-04,,4.22,0.26,,
2025-03-05,,4.28,0.29,,
2025-03-06,,4.29,0.33,,
2025-03-07,,4.32,0.33,,
2025-03-10,,4.22,0.33,,
2025-03-11,,4.28,0.34,,
2025-03-12,,4.32,0.31,,
2025-03-13,,4.27,0.33,,
2025-03-14,,4.31,0.29,,
2025-03-17,,4.31,0.25,,
2025-03-18,,4.29,0.25,,
2025-03-19,,4.25,0.26,,
2025-03-20,,4.24,0.29,,
2025-03-21,,4.25,0.31,,
2025-03-24,,4.34,0.3,,
2025-03-25,,4.31,0.35,,
2025-03-26,,4.35,0.37,,
2025-03-27,,4.38,0.41,,
2025-03-28,,4.27,0.38,,
2025-03-31,,4.23,0.34,,
2025-04-01,4.33,4.17,0.3,320.302,4.2
2025-04-02,,4.2,0.29,,
2025-04-03,,4.06,0.35,,
2025-04-04,,4.01,0.33,,
2025-04-07,,4.15,0.42,,
2025-04-08,,4.26,0.55,,
2025-04-09,,4.34,0.43,,
2025-04-10,,4.4,0.56,,
2025-04-11,,4.48,0.52,,
2025-04-14,,4.38,0.54,,
2025-04-15,,4.35,0.51,,
2025-04-16,,4.29,0.52,,
2025-04-17,,4.34,0.53,,
2025-04-18,,,,,
2025-04-21,,4.42,0.67,,
2025-04-22,,4.41,0.65,,
2025-04-23,,4.4,0.59,,
2025-04-24,,4.32,0.55,,
2025-04-25,,4.29,0.55,,
2025-04-28,,4.23,0.56,,
2025-04-29,,4.19,0.54,,
2025-04-30,,4.17,0.57,,
2025-05-01,4.33,4.25,0.55,320.62,4.3
2025-05-02,,4.33,0.5,,
2025-05-05,,4.36,0.53,,
2025-05-06,,4.3,0.52,,
2025-05-07,,4.26,0.48,,
2025-05-08,,4.37,0.47,,
2025-05-09,,4.37,0.49,,
2025-05-12,,4.45,0.47,,
2025-05-13,,4.49,0.47,,
2025-05-14,,4.53,0.48,,
2025-05-15,,4.45,0.49,,
2025-05-16,,4.43,0.45,,
2025-05-19,,4.46,0.49,,
2025-05-20,,4.48,0.51,,
2025-05-21,,4.58,0.58,,
2025-05-22,,4.54,0.54,,
2025-05-23,,4.51,0.51,,
2025-05-26,,,,,
2025-05-27,,4.43,0.51,,
2025-05-28,,4.47,0.51,,
2025-05-29,,4.43,0.51,,
2025-05-30,,4.41,0.52,,
2025-06-01,4.33,,,321.435,4.1
2025-06-02,,4.46,0.52,,
2025-06-03,,4.46,0.5,,
2025-06-04,,4.37,0.5,,
2025-06-05,,4.4,0.48,,
2025-06-06,,4.51,0.47,,
2025-06-09,,4.49,0.48,,
2025-06-10,,4.47,0.46,,
2025-06-11,,4.41,0.47,,
2025-06-12,,4.36,0.46,,
2025-06-13,,4.41,0.45,,
2025-06-16,,4.46,0.49,,
2025-06-17,,4.39,0.45,,
2025-06-18,,4.38,0.44,,
2025-06-19,,,,,
2025-06-20,,4.38,0.48,,
2025-06-23,,4.34,0.5,,
2025-06-24,,4.3,0.55,,
2025-06-25,,4.29,0.55,,
2025-06-26,,4.26,0.56,,
2025-06-27,,4.29,0.56,,
2025-06-30,,4.24,0.52,,
2025-07-01,4.33,4.26,0.48,322.169,4.3
2025-07-02,,4.3,0.52,,
2025-07-03,,4.35,0.47,,
2025-07-04,,,,,
2025-07-07,,4.4,0.5,,
2025-07-08,,4.42,0.52,,
2025-07-09,,4.34,0.48,,
2025-07-10,,4.35,0.49,,
2025-07-11,,4.43,0.53,,
2025-07-14,,4.43,0.53,,
2025-07-15,,4.5,0.55,,
2025-07-16,,4.46,0.58,,
2025-07-17,,4.47,0.56,,
2025-07-18,,4.44,0.56,,
2025-07-21,,4.38,0.53,,
2025-07-22,,4.35,0.52,,
2025-07-23,,4.4,0.52,,
2025-07-24,,4.43,0.52,,
2025-07-25,,4.4,0.49,,
2025-07-28,,4.42,0.51,,
2025-07-29,,4.34,0.48,,
2025-07-30,,4.38,0.44,,
2025-07-31,,4.37,0.43,,
2025-08-01,4.33,4.23,0.54,323.291,4.3
2025-08-04,,4.22,0.53,,
2025-08-05,,4.22,0.5,,
2025-08-06,,4.22,0.53,,
2025-08-07,,4.23,0.51,,
2025-08-08,,4.27,0.51,,
2025-08-11,,4.27,0.51,,
2025-08-12,,4.29,0.57,,
2025-08-13,,4.24,0.57,,
2025-08-14,,4.29,0.55,,
2025-08-15,,4.33,0.58,,
2025-08-18,,4.34,0.57,,
2025-08-19,,4.3,0.55,,
2025-08-20,,4.29,0.55,,
2025-08-21,,4.33,0.54,,
2025-08-22,,4.26,0.58,,
2025-08-25,,4.28,0.55,,
2025-08-26,,4.26,0.65,,
2025-08-27,,4.24,0.65,,
2025-08-28,,4.22,0.6,,
2025-08-29,,4.23,0.64,,
2025-09-01,4.22,,,324.245,4.4
2025-09-02,,4.28,0.62,,
2025-09-03,,4.22,0.61,,
2025-09-04,,4.17,0.58,,
2025-09-05,,4.1,0.59,,
2025-09-08,,4.05,0.56,,
2025-09-09,,4.08,0.54,,
2025-09-10,,4.04,0.5,,
2025-09-11,,4.01,0.49,,
2025-09-12,,4.06,0.5,,
2025-09-15,,4.05,0.51,,
2025-09-16,,4.04,0.53,,
2025-09-17,,4.06,0.54,,
2025-09-18,,4.11,0.54,,
2025-09-19,,4.14,0.57,,
2025-09-22,,4.15,0.54,,
2025-09-23,,4.12,0.59,,
2025-09-24,,4.16,0.59,,
2025-09-25,,4.18,0.54,,
2025-09-26,,4.2,0.57,,
2025-09-29,,4.15,0.52,,
2025-09-30,,4.16,0.56,,
2025-10-01,4.09,4.12,0.57,,
2025-10-02,,4.1,0.55,,
2025-10-03,,4.13,0.55,,
2025-10-06,,4.18,0.58,,
2025-10-07,,4.14,0.57,,
2025-10-08,,4.13,0.55,,
2025-10-09,,4.14,0.54,,
2025-10-10,,4.05,0.53,,
2025-10-13,,,,,
2025-10-14,,4.03,0.55,,
2025-10-15,,4.05,0.55,,
2025-10-16,,3.99,0.58,,
2025-10-17,,4.02,0.56,,
2025-10-20,,4.0,0.54,,
2025-10-21,,3.98,0.53,,
2025-10-22,,3.97,0.52,,
2025-10-23,,4.01,0.53,,
2025-10-24,,4.02,0.54,,
2025-10-27,,4.01,0.53,,
2025-10-28,,3.99,0.52,,
2025-10-29,,4.08,0.49,,
2025-10-30,,4.11,0.5,,
2025-10-31,,4.11,0.51,,
2025-11-01,3.88,,,325.063,4.5
2025-11-03,,4.13,0.53,,
2025-11-04,,4.1,0.52,,
2025-11-05,,4.17,0.54,,
2025-11-06,,4.11,0.54,,
2025-11-07,,4.11,0.56,,
2025-11-10,,4.13,0.55,,
2025-11-11,,,,,
2025-11-12,,4.08,0.52,,
2025-11-13,,4.11,0.53,,
2025-11-14,,4.14,0.52,,
2025-11-17,,4.13,0.53,,
2025-11-18,,4.12,0.54,,
2025-11-19,,4.13,0.55,,
2025-11-20,,4.1,0.55,,
2025-11-21,,4.06,0.55,,
2025-11-24,,4.04,0.58,,
2025-11-25,,4.01,0.58,,
2025-11-26,,4.0,0.55,,
2025-11-27,,,,,
2025-11-28,,4.02,0.55,,
2025-12-01,3.72,4.09,0.55,326.031,4.4
2025-12-02,,4.09,0.58,,
2025-12-03,,4.06,0.57,,
2025-12-04,,4.11,0.59,,
2025-12-05,,4.14,0.58,,
2025-12-08,,4.17,0.6,,
2025-12-09,,4.18,0.57,,
2025-12-10,,4.13,0.59,,
2025-12-11,,4.14,0.62,,
2025-12-12,,4.19,0.67,,
2025-12-15,,4.18,0.67,,
2025-12-16,,4.15,0.67,,
2025-12-17,,4.16,0.67,,
2025-12-18,,4.12,0.66,,
2025-12-19,,4.16,0.68,,
2025-12-22,,4.17,0.73,,
2025-12-23,,4.18,0.7,,
2025-12-24,,4.15,0.68,,
2025-12-25,,,,,
2025-12-26,,4.14,0.68,,
2025-12-29,,4.12,0.67,,
2025-12-30,,4.14,0.69,,
2025-12-31,,4.18,0.71,,
2026-01-01,3.64,,,326.588,4.3
2026-01-02,,4.19,0.72,,
2026-01-05,,4.17,0.71,,
2026-01-06,,4.18,0.71,,
2026-01-07,,4.15,0.68,,
2026-01-08,,4.19,0.7,,
2026-01-09,,4.18,0.64,,
2026-01-12,,4.19,0.65,,
2026-01-13,,4.18,0.65,,
2026-01-14,,4.15,0.64,,
2026-01-15,,4.17,0.61,,
2026-01-16,,4.24,0.65,,
2026-01-19,,,,,
2026-01-20,,4.3,0.7,,
2026-01-21,,4.26,0.66,,
2026-01-22,,4.26,0.65,,
2026-01-23,,4.24,0.64,,
2026-01-26,,4.22,0.66,,
2026-01-27,,4.24,0.71,,
2026-01-28,,4.26,0.7,,
2026-01-29,,4.24,0.71,,
2026-01-30,,4.26,0.74,,
2026-02-01,3.64,,,327.46,4.4
2026-02-02,,4.29,0.72,,
2026-02-03,,4.28,0.71,,
2026-02-04,,4.29,0.72,,
2026-02-05,,4.21,0.74,,
2026-02-06,,4.22,0.72,,
2026-02-09,,4.22,0.74,,
2026-02-10,,4.16,0.71,,
2026-02-11,,4.18,0.66,,
2026-02-12,,4.09,0.62,,
2026-02-13,,4.04,0.64,,
2026-02-16,,,,,
2026-02-17,,4.05,0.62,,
2026-02-18,,4.09,0.62,,
2026-02-19,,4.08,0.61,,
2026-02-20,,4.08,0.6,,
2026-02-23,,4.03,0.6,,
2026-02-24,,4.04,0.61,,
2026-02-25,,4.05,0.6,,
2026-02-26,,4.02,0.6,,
2026-02-27,,3.97,0.59,,
2026-03-01,3.64,,,330.293,4.3
2026-03-02,,4.05,0.58,,
2026-03-03,,4.06,0.55,,
2026-03-04,,4.09,0.55,,
2026-03-05,,4.13,0.56,,
2026-03-06,,4.15,0.59,,
2026-03-09,,4.12,0.56,,
2026-03-10,,4.15,0.58,,
2026-03-11,,4.21,0.57,,
2026-03-12,,4.27,0.51,,
2026-03-13,,4.28,0.55,,
2026-03-16,,4.23,0.55,,
2026-03-17,,4.2,0.52,,
2026-03-18,,4.26,0.5,,
2026-03-19,,4.25,0.46,,
2026-03-20,,4.39,0.51,,
2026-03-23,,4.34,0.51,,
2026-03-24,,4.39,0.49,,
2026-03-25,,4.33,0.49,,
2026-03-26,,4.42,0.46,,
2026-03-27,,4.44,0.56,,
2026-03-30,,4.35,0.53,,
2026-03-31,,4.3,0.51,,
2026-04-01,3.64,4.33,0.52,332.407,4.3
2026-04-02,,4.31,0.52,,
2026-04-03,,4.35,0.51,,
2026-04-06,,4.34,0.5,,
2026-04-07,,4.33,0.52,,
2026-04-08,,4.29,0.5,,
2026-04-09,,4.29,0.51,,
2026-04-10,,4.31,0.5,,
2026-04-13,,4.3,0.52,,
2026-04-14,,4.26,0.5,,
2026-04-15,,4.29,0.53,,
2026-04-16,,4.32,0.54,,
2026-04-17,,4.26,0.55,,
2026-04-20,,4.26,0.54,,
2026-04-21,,4.3,0.52,,
2026-04-22,,4.3,0.51,,
2026-04-23,,4.34,0.51,,
2026-04-24,,4.31,0.53,,
2026-04-27,,4.35,0.57,,
2026-04-28,,4.36,0.52,,
2026-04-29,,4.42,0.5,,
2026-04-30,,4.4,0.52,,
2026-05-01,3.63,4.39,0.51,333.979,4.3
2026-05-04,,4.45,0.5,,
2026-05-05,,4.43,0.5,,
2026-05-06,,4.36,0.49,,
2026-05-07,,4.41,0.49,,
2026-05-08,,4.38,0.48,,
2026-05-11,,4.42,0.47,,
2026-05-12,,4.46,0.46,,
2026-05-13,,4.46,0.48,,
2026-05-14,,4.47,0.47,,
2026-05-15,,4.59,0.5,,
2026-05-18,,4.61,0.54,,
2026-05-19,,4.67,0.54,,
2026-05-20,,4.57,0.53,,
2026-05-21,,4.57,0.49,,
2026-05-22,,4.56,0.43,,
2026-05-25,,,,,
2026-05-26,,4.5,0.49,,
2026-05-27,,4.48,0.48,,
2026-05-28,,4.45,0.46,,
2026-05-29,,4.45,0.47,,
2026-06-01,3.63,4.47,0.42,332.568,4.2
2026-06-02,,4.46,0.41,,
2026-06-03,,4.49,0.41,,
2026-06-04,,4.47,0.42,,
2026-06-05,,4.55,0.38,,
2026-06-08,,4.56,0.41,,
2026-06-09,,4.53,0.4,,
2026-06-10,,4.55,0.42,,
2026-06-11,,4.45,0.4,,
2026-06-12,,4.48,0.39,,
2026-06-15,,4.47,0.4,,
2026-06-16,,4.43,0.38,,
2026-06-17,,4.49,0.29,,
2026-06-18,,4.46,0.27,,
2026-06-19,,,,,
2026-06-22,,4.51,0.27,,
2026-06-23,,4.5,0.34,,
2026-06-24,,4.41,0.3,,
2026-06-25,,4.4,0.31,,
2026-06-26,,4.38,0.31,,
2026-06-29,,4.38,0.28,,
2026-06-30,,4.44,0.3,,
2026-07-01,,4.48,0.31,,
